ID,Marital Status,Gender,Income,Children,Education,Occupation,Home Owner,Cars,Commute Distance,Region,Age,Age Group,Purchased Bike
11000,Married,Male,"$90,000",2,Bachelors,Professional,Yes,0,1-2 Miles,Pacific,40,Adult,Yes
11047,Married,Female,"$30,000",3,High School,Skilled Manual,No,2,1-2 Miles,Pacific,56,Senior,Yes
11061,Married,Male,"$70,000",2,Partial College,Skilled Manual,Yes,2,5-10 Miles,Pacific,52,Adult,Yes
11090,Single,Male,"$90,000",2,Partial College,Professional,Yes,1,2-5 Miles,North America,48,Adult,Yes
11116,Married,Male,"$70,000",5,Partial College,Skilled Manual,Yes,2,5-10 Miles,Pacific,43,Adult,No
11139,Single,Female,"$30,000",2,Partial College,Clerical,No,2,5-10 Miles,Pacific,67,Senior,No
11143,Married,Male,"$40,000",0,High School,Skilled Manual,Yes,2,5-10 Miles,North America,29,Young,No
11147,Married,Male,"$60,000",2,Graduate Degree,Management,Yes,1,0-1 Miles,Pacific,67,Senior,Yes
11149,Married,Male,"$40,000",2,Bachelors,Management,Yes,2,0-1 Miles,Pacific,65,Senior,No
11165,Married,Female,"$60,000",0,Partial College,Skilled Manual,No,1,1-2 Miles,North America,33,Young,No
11199,Married,Female,"$70,000",4,Bachelors,Management,Yes,1,More than 10 miles,North America,59,Senior,No
11200,Married,Male,"$70,000",4,Bachelors,Management,Yes,1,1-2 Miles,North America,58,Senior,No
11219,Married,Male,"$60,000",2,High School,Professional,Yes,2,More than 10 miles,North America,55,Adult,No
11225,Married,Female,"$60,000",2,Partial College,Professional,Yes,1,More than 10 miles,North America,55,Adult,No
11233,Married,Male,"$70,000",4,Partial College,Professional,Yes,2,More than 10 miles,North America,53,Adult,No
11249,Married,Female,"$130,000",3,Partial College,Professional,Yes,3,0-1 Miles,Europe,51,Adult,Yes
11255,Married,Male,"$70,000",4,Graduate Degree,Management,Yes,2,5-10 Miles,North America,73,Senior,No
11259,Married,Female,"$100,000",4,Partial College,Professional,Yes,4,2-5 Miles,North America,41,Adult,Yes
11262,Married,Female,"$80,000",4,Bachelors,Management,Yes,0,0-1 Miles,North America,42,Adult,No
11269,Married,Male,"$130,000",2,Graduate Degree,Management,Yes,2,0-1 Miles,North America,41,Adult,No
11270,Married,Male,"$130,000",2,Graduate Degree,Management,Yes,3,0-1 Miles,North America,42,Adult,Yes
11275,Married,Female,"$80,000",4,Graduate Degree,Management,Yes,2,0-1 Miles,North America,72,Senior,Yes
11287,Married,Male,"$70,000",5,Partial College,Professional,No,3,5-10 Miles,North America,45,Adult,No
11292,Single,Male,"$150,000",1,Partial College,Professional,No,3,0-1 Miles,North America,44,Adult,Yes
11303,Single,Female,"$90,000",4,High School,Professional,No,3,1-2 Miles,North America,45,Adult,Yes
11340,Married,Female,"$10,000",1,Graduate Degree,Clerical,Yes,0,0-1 Miles,Europe,70,Senior,Yes
11378,Single,Female,"$10,000",1,High School,Manual,No,1,2-5 Miles,Europe,46,Adult,Yes
11381,Married,Female,"$20,000",2,Partial College,Manual,Yes,1,2-5 Miles,Europe,47,Adult,Yes
11383,Married,Female,"$30,000",3,Graduate Degree,Clerical,Yes,0,0-1 Miles,Europe,46,Adult,No
11386,Married,Female,"$30,000",3,Bachelors,Clerical,Yes,0,0-1 Miles,Europe,45,Adult,No
11415,Single,Male,"$90,000",5,Partial College,Professional,No,2,More than 10 miles,Europe,62,Senior,No
11434,Married,Male,"$170,000",5,Partial College,Professional,Yes,0,0-1 Miles,Europe,55,Adult,No
11451,Single,Male,"$70,000",0,Bachelors,Professional,No,4,More than 10 miles,Pacific,31,Young,Yes
11453,Single,Male,"$80,000",0,Bachelors,Professional,No,3,More than 10 miles,Pacific,33,Young,Yes
11489,Single,Female,"$20,000",0,Partial High School,Manual,No,2,1-2 Miles,Europe,35,Young,Yes
11538,Single,Female,"$60,000",4,Graduate Degree,Skilled Manual,No,0,0-1 Miles,North America,47,Adult,Yes
11540,Single,Male,"$60,000",4,Graduate Degree,Skilled Manual,Yes,0,1-2 Miles,North America,47,Adult,Yes
11555,Married,Female,"$40,000",1,Bachelors,Clerical,Yes,0,0-1 Miles,Europe,80,Senior,No
11576,Married,Male,"$30,000",1,Bachelors,Skilled Manual,Yes,2,0-1 Miles,Europe,41,Adult,Yes
11585,Married,Female,"$40,000",1,Bachelors,Skilled Manual,Yes,0,0-1 Miles,Europe,41,Adult,No
11619,Single,Female,"$50,000",0,Graduate Degree,Skilled Manual,Yes,0,1-2 Miles,North America,33,Young,No
11622,Married,Male,"$50,000",0,Graduate Degree,Skilled Manual,Yes,0,0-1 Miles,North America,32,Young,No
11641,Married,Male,"$50,000",1,Bachelors,Skilled Manual,Yes,0,0-1 Miles,North America,36,Adult,No
11644,Single,Male,"$40,000",2,Bachelors,Skilled Manual,Yes,0,2-5 Miles,North America,36,Adult,No
11663,Married,Male,"$70,000",4,Graduate Degree,Professional,Yes,0,0-1 Miles,North America,36,Adult,Yes
11669,Single,Female,"$70,000",2,Bachelors,Skilled Manual,Yes,1,2-5 Miles,North America,38,Adult,No
11699,Single,Male,"$60,000",0,Bachelors,Skilled Manual,No,2,0-1 Miles,North America,30,Young,No
11734,Married,Male,"$60,000",1,Partial College,Skilled Manual,No,1,0-1 Miles,North America,47,Adult,No
11738,Married,Male,"$60,000",4,Bachelors,Professional,Yes,0,2-5 Miles,North America,46,Adult,No
11745,Married,Female,"$60,000",1,Bachelors,Professional,Yes,1,0-1 Miles,North America,47,Adult,Yes
11783,Married,Female,"$60,000",1,Graduate Degree,Skilled Manual,Yes,0,0-1 Miles,North America,34,Young,No
11788,Single,Female,"$70,000",1,Graduate Degree,Professional,Yes,0,2-5 Miles,North America,34,Young,No
11801,Married,Male,"$60,000",1,Graduate Degree,Professional,Yes,0,2-5 Miles,North America,36,Adult,No
11807,Married,Male,"$70,000",3,Graduate Degree,Professional,Yes,0,2-5 Miles,North America,34,Young,No
11809,Married,Male,"$60,000",2,Bachelors,Skilled Manual,Yes,0,0-1 Miles,North America,38,Adult,Yes
11817,Single,Female,"$70,000",4,Graduate Degree,Professional,Yes,0,2-5 Miles,North America,35,Young,Yes
11823,Married,Female,"$70,000",0,Graduate Degree,Professional,Yes,0,2-5 Miles,North America,39,Adult,No
11886,Married,Female,"$60,000",3,Bachelors,Professional,Yes,1,0-1 Miles,North America,48,Adult,Yes
11890,Married,Female,"$70,000",5,Graduate Degree,Professional,Yes,1,0-1 Miles,North America,47,Adult,No
11896,Married,Male,"$100,000",1,Graduate Degree,Management,Yes,0,2-5 Miles,Pacific,36,Adult,Yes
11897,Single,Male,"$60,000",2,Bachelors,Professional,No,1,0-1 Miles,Pacific,37,Adult,Yes
11935,Single,Female,"$30,000",0,Partial College,Skilled Manual,Yes,1,5-10 Miles,North America,28,Young,No
11941,Single,Male,"$60,000",0,Partial College,Skilled Manual,Yes,0,5-10 Miles,North America,29,Young,No
12029,Married,Male,"$30,000",0,Partial High School,Clerical,No,2,0-1 Miles,North America,28,Young,No
12033,Single,Female,"$40,000",0,High School,Skilled Manual,No,2,0-1 Miles,North America,27,Young,Yes
12056,Married,Male,"$120,000",2,Graduate Degree,Management,Yes,3,5-10 Miles,North America,64,Senior,No
12100,Single,Male,"$60,000",2,Bachelors,Management,Yes,0,More than 10 miles,North America,57,Senior,No
12121,Single,Male,"$60,000",3,High School,Professional,Yes,2,More than 10 miles,North America,53,Adult,Yes
12133,Married,Female,"$130,000",3,Partial College,Professional,Yes,3,5-10 Miles,Europe,50,Adult,Yes
12153,Single,Female,"$70,000",3,Partial College,Professional,Yes,1,5-10 Miles,North America,49,Adult,Yes
12192,Single,Female,"$60,000",2,Partial High School,Skilled Manual,No,2,1-2 Miles,North America,51,Adult,No
12195,Single,Female,"$70,000",3,Graduate Degree,Management,Yes,2,1-2 Miles,North America,52,Adult,No
12205,Single,Female,"$130,000",2,Bachelors,Management,No,4,0-1 Miles,North America,67,Senior,No
12207,Single,Male,"$80,000",4,Bachelors,Management,Yes,0,5-10 Miles,North America,66,Senior,Yes
12212,Married,Female,"$10,000",0,Graduate Degree,Manual,Yes,0,0-1 Miles,Europe,37,Adult,Yes
12231,Single,Female,"$10,000",2,Partial College,Manual,Yes,0,0-1 Miles,Europe,51,Adult,Yes
12234,Married,Male,"$10,000",2,Partial College,Manual,Yes,1,2-5 Miles,Europe,52,Adult,No
12236,Married,Female,"$20,000",1,Partial College,Manual,Yes,0,0-1 Miles,Europe,65,Senior,No
12253,Single,Female,"$20,000",0,Partial College,Manual,Yes,0,0-1 Miles,Pacific,29,Young,Yes
12273,Married,Male,"$30,000",1,Bachelors,Clerical,Yes,0,0-1 Miles,Europe,47,Adult,No
12274,Single,Male,"$10,000",2,High School,Manual,Yes,0,0-1 Miles,Europe,35,Young,No
12284,Married,Female,"$30,000",0,Bachelors,Clerical,No,0,0-1 Miles,Europe,36,Adult,Yes
12291,Single,Male,"$90,000",5,Partial College,Professional,No,2,2-5 Miles,Europe,62,Senior,Yes
12332,Married,Male,"$90,000",4,High School,Management,Yes,3,5-10 Miles,Europe,58,Senior,Yes
12344,Single,Female,"$80,000",0,Bachelors,Professional,No,3,More than 10 miles,Pacific,31,Young,No
12389,Single,Male,"$30,000",0,High School,Manual,No,1,2-5 Miles,Europe,34,Young,No
12452,Married,Male,"$60,000",4,Graduate Degree,Skilled Manual,Yes,0,1-2 Miles,North America,47,Adult,Yes
12472,Married,Male,"$30,000",1,Bachelors,Clerical,Yes,1,2-5 Miles,Europe,39,Adult,No
12496,Married,Female,"$40,000",1,Bachelors,Skilled Manual,Yes,0,0-1 Miles,Europe,42,Adult,No
12497,Married,Female,"$40,000",1,Bachelors,Skilled Manual,Yes,0,0-1 Miles,Europe,42,Adult,No
12503,Single,Female,"$30,000",3,Partial College,Clerical,Yes,2,0-1 Miles,Europe,27,Young,No
12507,Married,Male,"$30,000",1,Partial College,Clerical,Yes,1,0-1 Miles,Europe,43,Adult,No
12510,Married,Male,"$40,000",1,Bachelors,Skilled Manual,Yes,1,0-1 Miles,Europe,43,Adult,Yes
12558,Married,Female,"$20,000",1,Bachelors,Clerical,Yes,0,0-1 Miles,Europe,65,Senior,No
12568,Married,Female,"$30,000",1,Bachelors,Clerical,Yes,0,0-1 Miles,Europe,64,Senior,No
12581,Single,Female,"$10,000",0,Partial College,Manual,No,1,0-1 Miles,Pacific,28,Young,Yes
12585,Married,Male,"$10,000",1,High School,Manual,Yes,0,2-5 Miles,Pacific,27,Young,Yes
12590,Single,Male,"$30,000",1,Bachelors,Clerical,Yes,0,0-1 Miles,Europe,63,Senior,No
12591,Married,Female,"$30,000",4,Graduate Degree,Clerical,Yes,0,0-1 Miles,Europe,45,Adult,No
12610,Married,Female,"$30,000",1,Bachelors,Clerical,Yes,0,0-1 Miles,Europe,47,Adult,No
12629,Single,Male,"$20,000",1,Partial College,Manual,No,0,0-1 Miles,Europe,37,Adult,No
12663,Married,Female,"$90,000",5,Partial High School,Skilled Manual,Yes,2,More than 10 miles,Europe,59,Senior,No
12664,Married,Female,"$130,000",5,Partial College,Professional,Yes,4,0-1 Miles,Europe,59,Senior,No
12666,Single,Male,"$60,000",0,Bachelors,Professional,No,4,2-5 Miles,Pacific,31,Young,No
12678,Single,Female,"$130,000",4,High School,Management,Yes,4,0-1 Miles,Pacific,31,Young,No
12697,Single,Female,"$90,000",0,Bachelors,Professional,No,4,More than 10 miles,Pacific,36,Adult,No
12705,Married,Male,"$150,000",0,Bachelors,Management,Yes,4,0-1 Miles,Pacific,37,Adult,Yes
12716,Single,Male,"$30,000",0,Partial College,Clerical,Yes,1,2-5 Miles,Europe,32,Young,No
12718,Single,Female,"$30,000",0,Partial College,Clerical,Yes,1,2-5 Miles,Europe,31,Young,No
12728,Single,Male,"$30,000",0,Partial College,Clerical,No,1,1-2 Miles,Europe,27,Young,No
12731,Single,Male,"$30,000",0,High School,Manual,No,1,1-2 Miles,Europe,32,Young,No
12744,Single,Female,"$40,000",2,Partial College,Clerical,Yes,0,0-1 Miles,Europe,33,Young,No
12768,Married,Male,"$30,000",1,High School,Clerical,Yes,1,2-5 Miles,North America,52,Adult,Yes
12774,Married,Female,"$40,000",1,Partial College,Clerical,Yes,1,1-2 Miles,North America,51,Adult,Yes
12808,Married,Male,"$40,000",0,Bachelors,Clerical,Yes,0,0-1 Miles,Europe,38,Adult,Yes
12821,Married,Male,"$40,000",0,Bachelors,Clerical,Yes,0,0-1 Miles,Europe,39,Adult,No
12833,Single,Female,"$20,000",3,High School,Manual,Yes,1,0-1 Miles,Europe,42,Adult,Yes
12871,Single,Female,"$30,000",0,Partial College,Clerical,No,1,2-5 Miles,Europe,29,Young,No
12882,Married,Male,"$50,000",1,Graduate Degree,Skilled Manual,Yes,0,0-1 Miles,North America,33,Young,Yes
12922,Single,Female,"$60,000",3,Bachelors,Skilled Manual,Yes,0,2-5 Miles,North America,40,Adult,Yes
12957,Single,Female,"$70,000",1,Bachelors,Professional,No,1,0-1 Miles,North America,44,Adult,No
12964,Married,Male,"$70,000",1,Partial College,Skilled Manual,Yes,1,0-1 Miles,North America,44,Adult,No
12993,Married,Male,"$60,000",2,Bachelors,Professional,Yes,1,2-5 Miles,Pacific,37,Adult,No
13066,Single,Male,"$30,000",0,High School,Skilled Manual,No,2,1-2 Miles,North America,31,Young,Yes
13073,Married,Female,"$60,000",0,Partial College,Professional,Yes,2,5-10 Miles,North America,30,Young,No
13082,Single,Male,"$130,000",0,Graduate Degree,Management,Yes,0,2-5 Miles,Pacific,48,Adult,Yes
13089,Married,Female,"$120,000",1,Bachelors,Management,Yes,2,0-1 Miles,Pacific,46,Adult,Yes
13122,Married,Female,"$80,000",0,Bachelors,Professional,Yes,1,1-2 Miles,Pacific,41,Adult,Yes
13133,Single,Male,"$100,000",5,Bachelors,Professional,Yes,1,5-10 Miles,Pacific,47,Adult,Yes
13136,Married,Female,"$30,000",2,Partial College,Clerical,No,2,5-10 Miles,Pacific,69,Senior,No
13151,Single,Male,"$40,000",0,High School,Skilled Manual,Yes,2,5-10 Miles,North America,27,Young,No
13154,Married,Male,"$40,000",0,High School,Skilled Manual,No,2,0-1 Miles,North America,27,Young,Yes
13176,Single,Male,"$130,000",0,Graduate Degree,Management,No,2,0-1 Miles,North America,38,Adult,Yes
13216,Married,Female,"$60,000",5,Bachelors,Management,Yes,3,More than 10 miles,North America,59,Senior,No
13233,Married,Male,"$60,000",2,Partial College,Professional,Yes,1,More than 10 miles,North America,57,Senior,Yes
13283,Married,Male,"$80,000",3,Partial College,Professional,No,2,0-1 Miles,North America,49,Adult,Yes
13287,Single,Male,"$110,000",4,Bachelors,Management,Yes,4,5-10 Miles,North America,42,Adult,Yes
13296,Married,Male,"$110,000",1,Bachelors,Management,Yes,3,5-10 Miles,North America,45,Adult,No
13313,Married,Female,"$120,000",1,High School,Professional,No,4,2-5 Miles,North America,45,Adult,No
13314,Married,Male,"$120,000",1,High School,Professional,Yes,4,5-10 Miles,North America,46,Adult,Yes
13337,Married,Female,"$80,000",5,Bachelors,Management,Yes,2,5-10 Miles,North America,64,Senior,No
13343,Married,Female,"$90,000",5,Bachelors,Management,Yes,2,1-2 Miles,North America,63,Senior,Yes
13351,Single,Female,"$70,000",4,Bachelors,Management,Yes,2,1-2 Miles,North America,62,Senior,Yes
13353,Single,Female,"$60,000",4,Graduate Degree,Management,Yes,2,More than 10 miles,North America,61,Senior,Yes
13382,Married,Male,"$70,000",5,Partial College,Professional,Yes,2,1-2 Miles,North America,57,Senior,Yes
13388,Single,Male,"$60,000",2,Partial College,Professional,Yes,1,More than 10 miles,North America,56,Senior,No
13390,Married,Female,"$70,000",4,Partial College,Professional,No,1,1-2 Miles,North America,56,Senior,No
13415,Single,Male,"$100,000",1,Graduate Degree,Management,Yes,3,2-5 Miles,North America,73,Senior,Yes
13453,Married,Female,"$130,000",3,Bachelors,Management,Yes,3,0-1 Miles,North America,45,Adult,Yes
13466,Married,Male,"$80,000",5,Partial College,Professional,Yes,3,1-2 Miles,North America,46,Adult,No
13507,Married,Female,"$10,000",2,Partial College,Manual,Yes,0,1-2 Miles,Europe,50,Adult,No
13572,Single,Male,"$10,000",3,High School,Manual,Yes,0,0-1 Miles,Europe,37,Adult,Yes
13585,Married,Female,"$80,000",4,Partial College,Professional,No,1,2-5 Miles,Europe,53,Adult,Yes
13586,Married,Male,"$80,000",4,Partial College,Professional,Yes,2,More than 10 miles,Europe,53,Adult,No
13620,Single,Male,"$70,000",0,Bachelors,Professional,No,3,More than 10 miles,Pacific,30,Young,Yes
13662,Single,Male,"$20,000",0,Partial High School,Manual,Yes,2,1-2 Miles,Europe,31,Young,Yes
13673,Single,Female,"$20,000",0,Partial High School,Manual,No,2,0-1 Miles,Europe,25,Young,No
13683,Single,Female,"$30,000",0,High School,Manual,No,1,2-5 Miles,Europe,32,Young,No
13687,Married,Male,"$40,000",1,Bachelors,Skilled Manual,Yes,1,0-1 Miles,Europe,33,Young,Yes
13690,Single,Female,"$20,000",0,Partial High School,Manual,No,2,1-2 Miles,Europe,34,Young,Yes
13714,Married,Female,"$20,000",2,High School,Manual,No,2,1-2 Miles,North America,53,Adult,Yes
13749,Married,Male,"$80,000",4,Graduate Degree,Skilled Manual,Yes,0,1-2 Miles,North America,47,Adult,No
13754,Single,Female,"$80,000",4,Graduate Degree,Skilled Manual,Yes,0,1-2 Miles,North America,48,Adult,No
13760,Married,Male,"$60,000",4,Graduate Degree,Skilled Manual,No,0,0-1 Miles,North America,47,Adult,No
13813,Married,Female,"$30,000",3,Partial College,Clerical,No,0,0-1 Miles,Europe,42,Adult,No
13826,Single,Female,"$30,000",0,Partial College,Clerical,No,1,0-1 Miles,Europe,28,Young,No
13873,Married,Male,"$70,000",3,Graduate Degree,Professional,Yes,0,0-1 Miles,North America,35,Young,Yes
13886,Married,Female,"$70,000",4,Graduate Degree,Professional,Yes,0,2-5 Miles,North America,35,Young,Yes
13907,Single,Female,"$80,000",3,Bachelors,Skilled Manual,Yes,1,0-1 Miles,North America,41,Adult,Yes
13911,Single,Female,"$80,000",3,Bachelors,Skilled Manual,Yes,2,2-5 Miles,North America,41,Adult,Yes
13920,Single,Female,"$50,000",4,Bachelors,Skilled Manual,Yes,2,0-1 Miles,North America,42,Adult,No
13934,Married,Male,"$40,000",4,High School,Skilled Manual,Yes,2,2-5 Miles,North America,46,Adult,No
13942,Married,Male,"$60,000",1,Partial College,Skilled Manual,Yes,1,0-1 Miles,North America,46,Adult,No
13961,Married,Female,"$80,000",5,Graduate Degree,Management,Yes,3,0-1 Miles,Pacific,40,Adult,No
13981,Married,Female,"$10,000",5,High School,Skilled Manual,No,3,1-2 Miles,Pacific,62,Senior,No
14032,Married,Male,"$70,000",2,High School,Skilled Manual,No,2,1-2 Miles,Pacific,50,Adult,Yes
14058,Single,Male,"$70,000",0,Bachelors,Professional,No,1,5-10 Miles,Pacific,41,Adult,Yes
14063,Single,Female,"$70,000",0,Bachelors,Professional,No,1,0-1 Miles,Pacific,42,Adult,Yes
14077,Single,Male,"$30,000",0,High School,Skilled Manual,Yes,2,5-10 Miles,North America,30,Young,No
14090,Married,Female,"$30,000",0,Partial High School,Clerical,No,2,0-1 Miles,North America,28,Young,No
14092,Single,Male,"$30,000",0,Partial High School,Clerical,Yes,2,5-10 Miles,North America,28,Young,No
14135,Married,Male,"$20,000",1,Partial College,Manual,Yes,0,1-2 Miles,Europe,35,Young,No
14154,Married,Male,"$30,000",0,Bachelors,Clerical,Yes,0,0-1 Miles,Europe,35,Young,Yes
14164,Single,Female,"$50,000",0,Graduate Degree,Skilled Manual,Yes,0,0-1 Miles,Europe,36,Adult,Yes
14177,Married,Male,"$80,000",5,Partial College,Professional,No,2,2-5 Miles,Europe,60,Senior,No
14189,Married,Female,"$90,000",4,High School,Professional,No,2,2-5 Miles,Europe,54,Adult,Yes
14191,Married,Male,"$160,000",4,Partial College,Professional,No,2,More than 10 miles,Europe,55,Adult,Yes
14192,Married,Male,"$90,000",4,High School,Management,Yes,3,5-10 Miles,Europe,56,Senior,Yes
14193,Single,Female,"$100,000",3,Partial College,Management,Yes,4,More than 10 miles,Europe,56,Senior,No
14233,Single,Male,"$100,000",0,High School,Management,Yes,3,More than 10 miles,Pacific,35,Young,No
14238,Married,Male,"$120,000",0,Partial High School,Professional,Yes,4,More than 10 miles,Pacific,36,Adult,Yes
14271,Married,Male,"$30,000",0,High School,Skilled Manual,Yes,2,5-10 Miles,North America,32,Young,No
14278,Married,Female,"$130,000",0,Graduate Degree,Management,Yes,1,More than 10 miles,Pacific,48,Adult,No
14284,Single,Male,"$60,000",0,Partial College,Professional,No,2,1-2 Miles,North America,32,Young,Yes
14312,Married,Female,"$60,000",1,Partial College,Skilled Manual,Yes,1,5-10 Miles,Pacific,45,Adult,No
14332,Single,Female,"$30,000",0,High School,Skilled Manual,No,2,5-10 Miles,North America,26,Young,No
14347,Single,Female,"$40,000",2,Bachelors,Management,Yes,2,5-10 Miles,Pacific,65,Senior,Yes
14389,Married,Male,"$60,000",2,Bachelors,Management,Yes,0,2-5 Miles,North America,59,Senior,No
14417,Single,Male,"$60,000",3,High School,Professional,Yes,2,More than 10 miles,North America,54,Adult,Yes
14432,Single,Male,"$90,000",4,Graduate Degree,Management,Yes,1,5-10 Miles,North America,73,Senior,No
14443,Married,Male,"$130,000",1,Graduate Degree,Management,Yes,4,0-1 Miles,North America,40,Adult,No
14469,Married,Female,"$100,000",3,Partial College,Professional,Yes,4,1-2 Miles,North America,45,Adult,No
14493,Single,Female,"$70,000",3,Graduate Degree,Management,No,2,1-2 Miles,North America,53,Adult,No
14495,Married,Male,"$40,000",3,Partial College,Professional,No,2,5-10 Miles,North America,54,Adult,Yes
14507,Married,Male,"$100,000",2,Graduate Degree,Management,Yes,3,1-2 Miles,North America,65,Senior,No
14514,Single,Female,"$30,000",0,Partial College,Skilled Manual,Yes,1,5-10 Miles,North America,26,Young,No
14517,Married,Female,"$20,000",3,High School,Skilled Manual,No,2,1-2 Miles,Pacific,62,Senior,No
14544,Single,Male,"$10,000",1,Partial College,Manual,Yes,0,0-1 Miles,Europe,49,Adult,No
14545,Married,Female,"$10,000",2,Partial College,Manual,Yes,0,1-2 Miles,Europe,49,Adult,No
14547,Married,Male,"$10,000",2,Partial College,Manual,Yes,0,1-2 Miles,Europe,51,Adult,No
14554,Married,Male,"$20,000",1,Bachelors,Clerical,Yes,0,0-1 Miles,Europe,66,Senior,No
14569,Married,Male,"$60,000",1,Graduate Degree,Professional,Yes,0,0-1 Miles,North America,35,Young,No
14572,Married,Female,"$70,000",3,Graduate Degree,Professional,Yes,0,2-5 Miles,North America,35,Young,Yes
14592,Married,Female,"$60,000",0,Graduate Degree,Professional,Yes,0,0-1 Miles,North America,40,Adult,No
14602,Married,Female,"$80,000",3,Graduate Degree,Professional,Yes,0,0-1 Miles,North America,36,Adult,Yes
14608,Married,Male,"$50,000",4,Bachelors,Skilled Manual,Yes,3,More than 10 miles,North America,42,Adult,No
14633,Married,Male,"$60,000",1,Partial College,Skilled Manual,Yes,1,2-5 Miles,North America,44,Adult,No
14657,Married,Male,"$80,000",1,Partial College,Skilled Manual,No,1,0-1 Miles,North America,47,Adult,Yes
14662,Married,Male,"$60,000",1,Bachelors,Professional,Yes,1,0-1 Miles,North America,48,Adult,Yes
14669,Married,Female,"$80,000",4,Graduate Degree,Management,Yes,1,0-1 Miles,Pacific,36,Adult,No
14682,Single,Female,"$70,000",0,Bachelors,Professional,No,1,5-10 Miles,Pacific,38,Adult,No
14696,Single,Male,"$10,000",0,Partial High School,Manual,No,2,0-1 Miles,Europe,34,Young,No
14754,Married,Male,"$40,000",1,Partial College,Clerical,Yes,1,1-2 Miles,North America,48,Adult,Yes
14777,Married,Female,"$40,000",0,Bachelors,Clerical,Yes,0,0-1 Miles,Europe,38,Adult,Yes
14785,Single,Male,"$30,000",1,Bachelors,Clerical,No,1,1-2 Miles,Europe,39,Adult,No
14791,Married,Female,"$40,000",0,Bachelors,Clerical,Yes,0,0-1 Miles,Europe,39,Adult,Yes
14798,Single,Female,"$10,000",4,Partial High School,Manual,Yes,2,0-1 Miles,Europe,41,Adult,Yes
14804,Single,Female,"$10,000",3,Partial High School,Manual,Yes,2,0-1 Miles,Europe,43,Adult,No
14805,Single,Female,"$10,000",3,Partial High School,Manual,Yes,2,0-1 Miles,Europe,43,Adult,No
14813,Single,Female,"$20,000",4,High School,Manual,Yes,1,0-1 Miles,Europe,43,Adult,Yes
14832,Married,Male,"$40,000",1,Bachelors,Skilled Manual,Yes,0,0-1 Miles,Europe,42,Adult,Yes
14865,Single,Male,"$40,000",2,Partial College,Clerical,Yes,2,1-2 Miles,Europe,36,Adult,No
14872,Married,Male,"$30,000",0,Graduate Degree,Skilled Manual,Yes,0,0-1 Miles,North America,32,Young,No
14883,Married,Female,"$30,000",1,Bachelors,Skilled Manual,Yes,1,5-10 Miles,North America,53,Adult,Yes
14887,Married,Female,"$30,000",1,High School,Clerical,Yes,1,5-10 Miles,North America,52,Adult,No
14900,Married,Female,"$40,000",1,Partial College,Clerical,Yes,1,1-2 Miles,North America,49,Adult,Yes
14913,Married,Female,"$40,000",1,Partial College,Clerical,Yes,1,1-2 Miles,North America,48,Adult,Yes
14914,Married,Female,"$40,000",1,Partial College,Clerical,Yes,1,1-2 Miles,North America,49,Adult,Yes
14926,Married,Male,"$30,000",1,Bachelors,Clerical,Yes,0,0-1 Miles,Europe,38,Adult,Yes
14927,Married,Female,"$30,000",1,Bachelors,Clerical,Yes,0,0-1 Miles,Europe,37,Adult,Yes
14939,Single,Male,"$40,000",0,Bachelors,Clerical,Yes,0,0-1 Miles,Europe,39,Adult,Yes
15019,Single,Female,"$30,000",3,High School,Skilled Manual,Yes,2,5-10 Miles,Pacific,55,Adult,No
15030,Married,Male,"$20,000",0,Bachelors,Clerical,Yes,0,0-1 Miles,Pacific,26,Young,Yes
15194,Single,Male,"$120,000",2,Bachelors,Management,No,3,0-1 Miles,North America,39,Adult,Yes
15214,Single,Female,"$100,000",0,Graduate Degree,Management,No,1,1-2 Miles,Pacific,39,Adult,Yes
15255,Married,Male,"$40,000",0,High School,Skilled Manual,Yes,2,5-10 Miles,North America,28,Young,Yes
15265,Single,Male,"$40,000",2,Bachelors,Management,Yes,2,5-10 Miles,Pacific,66,Senior,Yes
15272,Single,Male,"$40,000",0,High School,Skilled Manual,No,2,1-2 Miles,North America,30,Young,No
15275,Married,Male,"$40,000",0,Partial College,Skilled Manual,Yes,1,5-10 Miles,North America,29,Young,No
15287,Single,Female,"$50,000",1,Graduate Degree,Skilled Manual,Yes,0,1-2 Miles,North America,33,Young,Yes
15292,Single,Female,"$60,000",1,Graduate Degree,Skilled Manual,Yes,0,1-2 Miles,North America,35,Young,No
15302,Single,Female,"$70,000",1,Graduate Degree,Professional,Yes,0,2-5 Miles,North America,34,Young,Yes
15313,Married,Male,"$60,000",4,Bachelors,Management,Yes,2,2-5 Miles,North America,59,Senior,No
15319,Married,Female,"$70,000",4,Bachelors,Management,No,1,1-2 Miles,North America,59,Senior,No
15372,Married,Male,"$80,000",3,Partial College,Professional,No,2,2-5 Miles,North America,50,Adult,Yes
15382,Married,Female,"$110,000",1,Bachelors,Management,Yes,2,1-2 Miles,North America,44,Adult,No
15412,Married,Male,"$130,000",2,Graduate Degree,Management,Yes,3,2-5 Miles,North America,69,Senior,No
15450,Married,Male,"$10,000",1,Graduate Degree,Clerical,Yes,0,0-1 Miles,Europe,70,Senior,No
15465,Married,Female,"$10,000",0,Partial College,Manual,No,1,0-1 Miles,Pacific,25,Young,No
15468,Married,Female,"$50,000",1,Bachelors,Skilled Manual,Yes,1,0-1 Miles,North America,35,Young,No
15501,Married,Male,"$70,000",4,Graduate Degree,Professional,Yes,0,2-5 Miles,North America,36,Adult,Yes
15529,Married,Male,"$60,000",4,Bachelors,Professional,Yes,2,2-5 Miles,North America,43,Adult,Yes
15532,Single,Male,"$60,000",4,Bachelors,Professional,Yes,2,2-5 Miles,North America,43,Adult,Yes
15555,Married,Female,"$60,000",1,Partial College,Skilled Manual,Yes,1,2-5 Miles,North America,45,Adult,Yes
15559,Married,Male,"$60,000",5,Bachelors,Professional,Yes,1,2-5 Miles,North America,47,Adult,No
15580,Married,Male,"$60,000",2,Bachelors,Professional,Yes,1,2-5 Miles,Pacific,38,Adult,Yes
15608,Single,Female,"$30,000",0,Partial College,Clerical,No,1,2-5 Miles,Europe,33,Young,No
15612,Single,Male,"$30,000",0,High School,Manual,No,1,1-2 Miles,Europe,28,Young,No
15628,Married,Female,"$40,000",1,Bachelors,Skilled Manual,Yes,1,0-1 Miles,Europe,89,Senior,No
15629,Single,Female,"$10,000",0,Partial High School,Manual,Yes,2,1-2 Miles,Europe,34,Young,No
15657,Married,Male,"$30,000",3,Graduate Degree,Clerical,Yes,0,0-1 Miles,Europe,46,Adult,Yes
15665,Married,Female,"$30,000",0,Bachelors,Clerical,Yes,0,0-1 Miles,Europe,47,Adult,Yes
15682,Single,Female,"$80,000",5,Bachelors,Management,Yes,2,More than 10 miles,Europe,62,Senior,No
15740,Married,Male,"$80,000",5,Bachelors,Management,Yes,2,1-2 Miles,North America,64,Senior,No
15749,Single,Female,"$70,000",4,Bachelors,Management,Yes,2,More than 10 miles,North America,61,Senior,No
15752,Married,Male,"$80,000",2,High School,Skilled Manual,No,2,1-2 Miles,Pacific,50,Adult,Yes
15758,Married,Male,"$130,000",0,Graduate Degree,Management,Yes,0,5-10 Miles,Pacific,48,Adult,No
15799,Married,Female,"$90,000",1,Bachelors,Professional,Yes,1,2-5 Miles,Pacific,47,Adult,Yes
15814,Single,Female,"$40,000",0,High School,Skilled Manual,Yes,1,5-10 Miles,North America,30,Young,No
15822,Married,Male,"$40,000",2,Bachelors,Management,Yes,2,0-1 Miles,Pacific,67,Senior,No
15839,Single,Male,"$30,000",0,Partial College,Skilled Manual,Yes,1,5-10 Miles,North America,32,Young,No
15862,Single,Female,"$50,000",0,Graduate Degree,Skilled Manual,Yes,0,1-2 Miles,North America,33,Young,Yes
15879,Married,Male,"$70,000",5,Bachelors,Management,Yes,2,2-5 Miles,North America,61,Senior,No
15895,Single,Female,"$60,000",2,Bachelors,Management,Yes,0,More than 10 miles,North America,58,Senior,No
15922,Married,Male,"$150,000",2,High School,Professional,Yes,4,0-1 Miles,Europe,48,Adult,No
15926,Single,Female,"$120,000",3,High School,Professional,Yes,4,5-10 Miles,Europe,50,Adult,Yes
15940,Married,Male,"$100,000",4,Partial College,Professional,Yes,4,0-1 Miles,North America,40,Adult,No
15982,Married,Male,"$110,000",5,Partial College,Professional,Yes,4,2-5 Miles,North America,46,Adult,No
16007,Married,Female,"$90,000",5,Bachelors,Management,Yes,2,1-2 Miles,North America,66,Senior,Yes
16009,Single,Male,"$170,000",1,Graduate Degree,Management,No,4,0-1 Miles,North America,66,Senior,No
16020,Married,Male,"$40,000",0,High School,Skilled Manual,Yes,2,5-10 Miles,North America,28,Young,Yes
16043,Single,Male,"$10,000",1,Bachelors,Manual,Yes,0,0-1 Miles,Europe,48,Adult,No
16112,Single,Male,"$70,000",4,Bachelors,Professional,Yes,2,2-5 Miles,North America,43,Adult,Yes
16122,Married,Male,"$40,000",4,High School,Skilled Manual,Yes,2,0-1 Miles,North America,44,Adult,Yes
16144,Married,Male,"$70,000",1,Graduate Degree,Professional,Yes,1,0-1 Miles,North America,46,Adult,Yes
16145,Single,Female,"$70,000",5,Graduate Degree,Professional,Yes,3,More than 10 miles,North America,46,Adult,Yes
16151,Married,Female,"$60,000",1,Bachelors,Professional,Yes,1,2-5 Miles,North America,48,Adult,Yes
16154,Married,Female,"$70,000",5,Bachelors,Professional,Yes,2,2-5 Miles,North America,47,Adult,No
16163,Single,Male,"$60,000",2,Bachelors,Professional,Yes,1,2-5 Miles,Pacific,38,Adult,Yes
16179,Single,Female,"$80,000",5,Bachelors,Professional,Yes,4,1-2 Miles,Pacific,38,Adult,No
16185,Single,Male,"$60,000",4,Bachelors,Professional,Yes,3,More than 10 miles,Pacific,41,Adult,No
16188,Single,Female,"$20,000",0,Partial High School,Manual,No,2,1-2 Miles,Europe,26,Young,No
16200,Single,Female,"$10,000",0,Partial High School,Manual,No,2,0-1 Miles,Europe,35,Young,No
16209,Single,Female,"$50,000",0,Graduate Degree,Skilled Manual,Yes,0,1-2 Miles,Europe,36,Adult,No
16217,Single,Female,"$60,000",0,Graduate Degree,Skilled Manual,Yes,0,0-1 Miles,North America,39,Adult,No
16245,Single,Female,"$80,000",4,Graduate Degree,Skilled Manual,Yes,0,1-2 Miles,North America,47,Adult,No
16247,Single,Female,"$60,000",4,Graduate Degree,Skilled Manual,No,0,1-2 Miles,North America,47,Adult,No
16259,Single,Female,"$10,000",4,Partial High School,Manual,Yes,2,0-1 Miles,Europe,40,Adult,Yes
16337,Married,Male,"$60,000",0,Partial College,Skilled Manual,No,2,1-2 Miles,North America,29,Young,No
16377,Single,Female,"$80,000",4,Graduate Degree,Skilled Manual,No,0,0-1 Miles,North America,47,Adult,No
16390,Single,Male,"$30,000",1,Bachelors,Clerical,No,0,0-1 Miles,Europe,38,Adult,Yes
16406,Married,Male,"$40,000",0,Bachelors,Clerical,No,0,0-1 Miles,Europe,38,Adult,Yes
16410,Single,Female,"$10,000",4,Partial High School,Manual,Yes,2,0-1 Miles,Europe,41,Adult,Yes
16438,Married,Female,"$10,000",0,Partial High School,Manual,No,2,0-1 Miles,Europe,30,Young,No
16466,Single,Female,"$20,000",0,Partial High School,Manual,No,2,0-1 Miles,Europe,32,Young,Yes
16468,Single,Male,"$30,000",0,Partial College,Clerical,Yes,1,2-5 Miles,Europe,30,Young,No
16487,Single,Female,"$30,000",3,High School,Skilled Manual,Yes,2,5-10 Miles,Pacific,55,Adult,No
16489,Married,Male,"$30,000",3,High School,Skilled Manual,Yes,2,5-10 Miles,Pacific,55,Adult,No
16514,Single,Male,"$10,000",0,Partial College,Manual,Yes,1,1-2 Miles,Pacific,26,Young,Yes
16549,Single,Female,"$30,000",3,Bachelors,Clerical,Yes,0,0-1 Miles,Europe,47,Adult,Yes
16559,Single,Female,"$10,000",2,High School,Manual,Yes,0,0-1 Miles,Europe,36,Adult,Yes
16614,Married,Female,"$80,000",0,Bachelors,Professional,Yes,3,More than 10 miles,Pacific,32,Young,No
16651,Married,Female,"$120,000",2,Bachelors,Management,Yes,3,5-10 Miles,North America,62,Senior,No
16675,Single,Female,"$160,000",0,Graduate Degree,Management,No,3,0-1 Miles,Pacific,47,Adult,Yes
16713,Married,Male,"$40,000",2,Bachelors,Management,Yes,1,0-1 Miles,Pacific,52,Adult,Yes
16725,Married,Male,"$30,000",0,High School,Skilled Manual,Yes,2,5-10 Miles,North America,26,Young,No
16751,Married,Male,"$60,000",0,Partial College,Skilled Manual,Yes,1,5-10 Miles,North America,32,Young,Yes
16753,Single,Female,"$70,000",0,Partial College,Skilled Manual,Yes,2,5-10 Miles,North America,34,Young,Yes
16773,Married,Male,"$60,000",1,Graduate Degree,Skilled Manual,Yes,0,0-1 Miles,North America,33,Young,No
16791,Single,Male,"$60,000",5,Bachelors,Management,Yes,3,More than 10 miles,North America,59,Senior,Yes
16795,Married,Female,"$70,000",4,Bachelors,Management,Yes,1,1-2 Miles,North America,59,Senior,No
16813,Married,Male,"$60,000",2,Partial College,Professional,Yes,2,More than 10 miles,North America,55,Adult,No
16867,Single,Female,"$130,000",1,Bachelors,Management,No,3,0-1 Miles,North America,45,Adult,Yes
16871,Married,Female,"$90,000",2,High School,Professional,Yes,1,More than 10 miles,North America,51,Adult,Yes
16890,Married,Male,"$60,000",3,Partial High School,Skilled Manual,Yes,2,5-10 Miles,North America,52,Adult,Yes
16895,Married,Female,"$40,000",3,Partial College,Professional,No,2,1-2 Miles,North America,54,Adult,Yes
16917,Married,Male,"$120,000",1,Bachelors,Management,Yes,4,0-1 Miles,North America,38,Adult,No
17000,Single,Female,"$70,000",4,Bachelors,Skilled Manual,Yes,2,2-5 Miles,North America,43,Adult,Yes
17012,Married,Female,"$60,000",3,Graduate Degree,Professional,Yes,0,2-5 Miles,North America,42,Adult,Yes
17025,Single,Male,"$50,000",0,Partial College,Skilled Manual,No,1,2-5 Miles,North America,39,Adult,Yes
17048,Single,Female,"$90,000",1,Graduate Degree,Management,Yes,0,0-1 Miles,Pacific,36,Adult,Yes
17185,Married,Female,"$170,000",4,Partial College,Professional,No,3,5-10 Miles,Europe,48,Adult,Yes
17191,Single,Male,"$130,000",3,Partial College,Professional,No,3,0-1 Miles,Europe,51,Adult,Yes
17197,Single,Female,"$90,000",5,Partial College,Professional,Yes,2,More than 10 miles,Europe,62,Senior,No
17203,Married,Female,"$130,000",4,Partial College,Professional,Yes,4,5-10 Miles,Europe,61,Senior,Yes
17230,Married,Male,"$80,000",0,Bachelors,Professional,Yes,3,More than 10 miles,Pacific,30,Young,No
17238,Single,Male,"$80,000",0,Bachelors,Professional,Yes,3,More than 10 miles,Pacific,32,Young,No
17260,Married,Male,"$90,000",5,Partial College,Professional,Yes,3,0-1 Miles,North America,41,Adult,No
17269,Single,Male,"$60,000",3,Bachelors,Professional,No,0,0-1 Miles,North America,47,Adult,Yes
17310,Married,Male,"$60,000",1,Partial College,Skilled Manual,Yes,1,0-1 Miles,Pacific,45,Adult,Yes
17319,Single,Female,"$70,000",0,Bachelors,Professional,No,1,5-10 Miles,Pacific,42,Adult,No
17324,Married,Female,"$100,000",4,Bachelors,Professional,Yes,1,More than 10 miles,Pacific,46,Adult,No
17337,Single,Male,"$40,000",0,High School,Skilled Manual,Yes,1,5-10 Miles,North America,31,Young,No
17352,Married,Male,"$50,000",2,Graduate Degree,Management,Yes,1,5-10 Miles,Pacific,64,Senior,Yes
17369,Single,Male,"$30,000",0,Partial College,Skilled Manual,Yes,1,5-10 Miles,North America,27,Young,No
17436,Married,Male,"$60,000",2,High School,Professional,No,2,1-2 Miles,North America,51,Adult,No
17450,Married,Male,"$80,000",5,Partial College,Professional,Yes,3,5-10 Miles,North America,45,Adult,No
17458,Single,Male,"$70,000",3,High School,Professional,Yes,0,5-10 Miles,North America,52,Adult,Yes
17462,Married,Male,"$70,000",3,Graduate Degree,Management,Yes,2,5-10 Miles,North America,53,Adult,Yes
17471,Single,Female,"$80,000",4,Graduate Degree,Management,Yes,2,5-10 Miles,North America,67,Senior,No
17482,Single,Female,"$40,000",0,Partial High School,Clerical,Yes,2,5-10 Miles,North America,29,Young,No
17504,Single,Female,"$80,000",2,Partial College,Skilled Manual,Yes,2,5-10 Miles,Pacific,52,Adult,Yes
17519,Married,Female,"$60,000",0,Partial College,Professional,Yes,2,5-10 Miles,North America,32,Young,No
17522,Married,Male,"$120,000",4,Bachelors,Management,Yes,1,2-5 Miles,Pacific,47,Adult,No
17531,Married,Male,"$60,000",2,High School,Professional,No,2,5-10 Miles,North America,50,Adult,No
17533,Married,Male,"$40,000",3,Partial College,Professional,No,2,5-10 Miles,North America,73,Senior,Yes
17541,Married,Female,"$40,000",4,High School,Skilled Manual,Yes,2,2-5 Miles,North America,43,Adult,No
17546,Married,Female,"$70,000",1,Partial College,Skilled Manual,Yes,1,0-1 Miles,North America,44,Adult,Yes
17650,Single,Female,"$40,000",2,Partial College,Clerical,Yes,2,1-2 Miles,Europe,35,Young,No
17654,Single,Female,"$40,000",3,Partial College,Clerical,Yes,1,1-2 Miles,North America,30,Young,Yes
17657,Married,Male,"$40,000",4,Partial College,Clerical,No,0,0-1 Miles,North America,30,Young,No
17668,Single,Male,"$30,000",2,High School,Skilled Manual,Yes,2,1-2 Miles,North America,50,Adult,Yes
17699,Married,Male,"$60,000",1,Graduate Degree,Skilled Manual,No,0,0-1 Miles,North America,55,Adult,No
17702,Married,Male,"$10,000",1,Graduate Degree,Manual,Yes,0,0-1 Miles,Europe,37,Adult,No
17703,Married,Female,"$10,000",1,Graduate Degree,Manual,Yes,0,0-1 Miles,Europe,40,Adult,No
17754,Single,Female,"$30,000",3,Bachelors,Clerical,Yes,0,0-1 Miles,Europe,46,Adult,Yes
17793,Married,Female,"$40,000",0,Bachelors,Clerical,Yes,0,0-1 Miles,Europe,38,Adult,Yes
17841,Single,Male,"$30,000",0,Partial College,Clerical,No,1,0-1 Miles,Europe,29,Young,Yes
17843,Single,Female,"$10,000",0,Partial High School,Manual,No,2,0-1 Miles,Europe,32,Young,No
17845,Single,Female,"$20,000",0,Partial High School,Manual,No,2,1-2 Miles,Europe,32,Young,No
17848,Single,Male,"$30,000",0,Partial College,Clerical,No,1,2-5 Miles,Europe,31,Young,Yes
17858,Married,Male,"$40,000",4,High School,Skilled Manual,Yes,2,2-5 Miles,North America,44,Adult,Yes
17864,Married,Female,"$60,000",1,Partial College,Skilled Manual,Yes,1,2-5 Miles,North America,46,Adult,Yes
17882,Married,Male,"$20,000",1,Graduate Degree,Clerical,Yes,0,0-1 Miles,Europe,44,Adult,No
17891,Married,Female,"$10,000",2,Partial College,Manual,Yes,1,0-1 Miles,Europe,50,Adult,Yes
17894,Married,Female,"$20,000",1,Bachelors,Clerical,Yes,0,0-1 Miles,Europe,50,Adult,Yes
17907,Married,Female,"$10,000",0,Partial College,Manual,Yes,1,2-5 Miles,Pacific,27,Young,No
17926,Single,Female,"$40,000",0,Bachelors,Clerical,No,0,0-1 Miles,Pacific,28,Young,Yes
17960,Married,Female,"$40,000",0,Graduate Degree,Clerical,Yes,0,0-1 Miles,Europe,35,Young,Yes
17964,Married,Male,"$40,000",0,Graduate Degree,Clerical,Yes,0,0-1 Miles,Europe,37,Adult,Yes
17978,Married,Male,"$40,000",0,Graduate Degree,Clerical,Yes,0,0-1 Miles,Europe,37,Adult,Yes
17994,Single,Male,"$20,000",2,High School,Manual,Yes,2,0-1 Miles,Europe,42,Adult,No
18012,Married,Female,"$40,000",1,Bachelors,Skilled Manual,Yes,0,0-1 Miles,Europe,41,Adult,No
18018,Single,Male,"$30,000",3,Partial College,Clerical,Yes,0,0-1 Miles,Europe,43,Adult,No
18050,Married,Female,"$60,000",1,Partial College,Skilled Manual,Yes,1,0-1 Miles,North America,45,Adult,Yes
18052,Married,Female,"$60,000",1,Partial College,Skilled Manual,Yes,1,0-1 Miles,North America,45,Adult,Yes
18058,Single,Female,"$20,000",3,High School,Skilled Manual,Yes,2,2-5 Miles,North America,78,Senior,No
18066,Single,Male,"$70,000",5,Bachelors,Management,Yes,3,More than 10 miles,North America,60,Senior,Yes
18069,Married,Male,"$70,000",5,Bachelors,Management,Yes,4,More than 10 miles,North America,60,Senior,No
18105,Married,Female,"$60,000",2,Partial College,Professional,Yes,1,More than 10 miles,North America,55,Adult,No
18140,Married,Male,"$130,000",3,Partial College,Professional,No,3,5-10 Miles,Europe,51,Adult,Yes
18144,Married,Female,"$80,000",5,Bachelors,Management,Yes,2,2-5 Miles,Europe,61,Senior,No
18145,Married,Male,"$80,000",5,Bachelors,Management,No,2,2-5 Miles,Europe,62,Senior,No
18151,Single,Male,"$80,000",5,Partial College,Professional,No,2,More than 10 miles,Europe,59,Senior,No
18153,Married,Female,"$100,000",2,Bachelors,Management,Yes,4,More than 10 miles,Europe,59,Senior,No
18160,Married,Male,"$130,000",3,High School,Professional,Yes,4,5-10 Miles,Europe,51,Adult,Yes
18172,Married,Male,"$130,000",4,High School,Professional,Yes,3,0-1 Miles,Europe,55,Adult,No
18253,Married,Female,"$80,000",5,Graduate Degree,Management,Yes,3,0-1 Miles,Pacific,40,Adult,No
18267,Married,Male,"$60,000",3,Bachelors,Professional,Yes,2,5-10 Miles,Pacific,43,Adult,No
18283,Single,Female,"$100,000",0,Bachelors,Professional,No,1,5-10 Miles,Pacific,40,Adult,No
18294,Married,Female,"$90,000",1,Bachelors,Professional,Yes,1,5-10 Miles,Pacific,46,Adult,No
18299,Married,Male,"$70,000",5,Partial College,Skilled Manual,Yes,2,5-10 Miles,Pacific,44,Adult,No
18322,Single,Male,"$30,000",0,Partial High School,Clerical,No,2,0-1 Miles,North America,26,Young,No
18329,Single,Male,"$30,000",0,Partial High School,Clerical,No,2,5-10 Miles,North America,27,Young,No
18347,Single,Female,"$30,000",0,Partial College,Skilled Manual,No,1,1-2 Miles,North America,31,Young,No
18363,Married,Male,"$40,000",0,High School,Skilled Manual,Yes,2,5-10 Miles,North America,28,Young,Yes
18390,Married,Male,"$80,000",5,Partial College,Professional,Yes,2,0-1 Miles,North America,44,Adult,No
18391,Single,Female,"$80,000",5,Partial College,Professional,Yes,2,5-10 Miles,North America,44,Adult,No
18411,Married,Male,"$60,000",2,High School,Professional,No,2,5-10 Miles,North America,51,Adult,No
18423,Single,Male,"$80,000",2,Partial High School,Skilled Manual,No,2,1-2 Miles,North America,52,Adult,No
18435,Single,Female,"$70,000",5,Graduate Degree,Management,Yes,2,More than 10 miles,North America,67,Senior,Yes
18484,Single,Male,"$80,000",2,High School,Skilled Manual,No,2,1-2 Miles,Pacific,50,Adult,Yes
18491,Single,Female,"$70,000",2,High School,Professional,Yes,2,5-10 Miles,Pacific,49,Adult,Yes
18494,Married,Male,"$110,000",5,Bachelors,Management,Yes,4,2-5 Miles,Pacific,48,Adult,Yes
18504,Married,Male,"$70,000",2,Partial High School,Skilled Manual,No,2,1-2 Miles,North America,49,Adult,No
18517,Married,Male,"$100,000",3,Bachelors,Management,Yes,4,0-1 Miles,North America,41,Adult,No
18545,Married,Male,"$40,000",4,High School,Professional,No,2,More than 10 miles,North America,61,Senior,Yes
18560,Married,Female,"$70,000",2,Graduate Degree,Professional,Yes,0,2-5 Miles,North America,34,Young,Yes
18572,Married,Female,"$60,000",0,Graduate Degree,Professional,Yes,0,0-1 Miles,North America,39,Adult,No
18577,Married,Female,"$60,000",0,Graduate Degree,Professional,Yes,0,0-1 Miles,North America,40,Adult,No
18580,Married,Female,"$60,000",2,Graduate Degree,Professional,Yes,0,2-5 Miles,North America,40,Adult,Yes
18594,Single,Female,"$80,000",3,Bachelors,Skilled Manual,Yes,3,More than 10 miles,North America,40,Adult,Yes
18607,Single,Female,"$60,000",4,Bachelors,Skilled Manual,Yes,2,2-5 Miles,North America,42,Adult,Yes
18613,Single,Male,"$70,000",0,Bachelors,Professional,No,1,2-5 Miles,North America,37,Adult,Yes
18626,Single,Male,"$40,000",2,Partial College,Clerical,Yes,0,1-2 Miles,Europe,33,Young,Yes
18649,Single,Male,"$30,000",1,High School,Clerical,Yes,2,1-2 Miles,North America,51,Adult,Yes
18674,Single,Female,"$80,000",4,Graduate Degree,Skilled Manual,No,0,0-1 Miles,North America,48,Adult,No
18711,Single,Female,"$70,000",5,Bachelors,Professional,Yes,4,More than 10 miles,Pacific,39,Adult,No
18740,Married,Male,"$80,000",5,Bachelors,Professional,No,1,0-1 Miles,Pacific,47,Adult,Yes
18752,Single,Female,"$40,000",0,High School,Skilled Manual,Yes,1,5-10 Miles,North America,31,Young,No
18783,Single,Male,"$80,000",0,Bachelors,Management,No,1,0-1 Miles,North America,38,Adult,Yes
18847,Married,Female,"$60,000",2,Graduate Degree,Management,Yes,2,5-10 Miles,North America,70,Senior,No
18858,Single,Male,"$60,000",2,Partial High School,Skilled Manual,Yes,2,5-10 Miles,North America,52,Adult,Yes
18891,Married,Female,"$40,000",0,Partial College,Skilled Manual,Yes,2,5-10 Miles,North America,28,Young,No
18910,Single,Male,"$30,000",0,Partial College,Skilled Manual,Yes,2,5-10 Miles,North America,30,Young,No
18935,Married,Female,"$130,000",0,Graduate Degree,Management,Yes,3,1-2 Miles,North America,40,Adult,No
18949,Single,Male,"$70,000",0,Graduate Degree,Management,Yes,2,5-10 Miles,North America,74,Senior,Yes
18952,Married,Female,"$100,000",4,Bachelors,Management,Yes,4,0-1 Miles,North America,40,Adult,No
18976,Single,Male,"$40,000",4,High School,Professional,Yes,2,More than 10 miles,North America,62,Senior,Yes
19002,Married,Female,"$60,000",2,Partial College,Professional,Yes,1,2-5 Miles,North America,57,Senior,Yes
19012,Married,Male,"$80,000",3,Bachelors,Management,Yes,1,1-2 Miles,North America,56,Senior,No
19057,Married,Female,"$120,000",3,Bachelors,Management,No,2,More than 10 miles,Europe,52,Adult,Yes
19066,Married,Male,"$130,000",4,Partial College,Professional,No,3,More than 10 miles,Europe,54,Adult,No
19117,Single,Female,"$60,000",1,Graduate Degree,Professional,Yes,0,2-5 Miles,North America,36,Adult,Yes
19133,Single,Male,"$50,000",2,Bachelors,Skilled Manual,Yes,1,2-5 Miles,North America,38,Adult,Yes
19143,Single,Female,"$80,000",3,Bachelors,Skilled Manual,Yes,2,2-5 Miles,North America,41,Adult,Yes
19147,Married,Male,"$40,000",0,Bachelors,Professional,No,1,0-1 Miles,North America,42,Adult,No
19163,Married,Female,"$70,000",4,Bachelors,Professional,Yes,2,0-1 Miles,North America,43,Adult,Yes
19164,Single,Female,"$70,000",0,Bachelors,Professional,No,1,2-5 Miles,North America,38,Adult,Yes
19174,Single,Female,"$30,000",0,High School,Manual,No,1,2-5 Miles,Europe,32,Young,Yes
19183,Single,Male,"$10,000",0,Partial High School,Manual,Yes,2,1-2 Miles,Europe,35,Young,No
19193,Single,Male,"$40,000",2,Partial College,Clerical,Yes,0,1-2 Miles,Europe,35,Young,Yes
19217,Married,Male,"$30,000",2,High School,Skilled Manual,Yes,2,1-2 Miles,North America,49,Adult,No
19223,Married,Female,"$30,000",2,High School,Skilled Manual,Yes,2,1-2 Miles,North America,48,Adult,No
19228,Married,Female,"$40,000",2,Partial College,Clerical,Yes,1,0-1 Miles,North America,48,Adult,No
19235,Married,Female,"$50,000",0,Graduate Degree,Skilled Manual,Yes,0,0-1 Miles,North America,34,Young,No
19255,Single,Male,"$10,000",2,Partial College,Manual,Yes,1,0-1 Miles,Europe,51,Adult,Yes
19273,Married,Female,"$20,000",2,Partial College,Manual,Yes,0,0-1 Miles,Europe,63,Senior,No
19280,Married,Male,"$120,000",2,Partial College,Manual,Yes,1,0-1 Miles,Europe,40,Adult,Yes
19291,Single,Female,"$10,000",2,High School,Manual,Yes,0,0-1 Miles,Europe,35,Young,No
19299,Married,Female,"$50,000",0,Graduate Degree,Skilled Manual,Yes,0,0-1 Miles,Europe,36,Adult,Yes
19305,Single,Female,"$10,000",2,High School,Manual,Yes,1,0-1 Miles,Europe,38,Adult,Yes
19331,Single,Male,"$20,000",2,High School,Manual,Yes,1,0-1 Miles,Europe,40,Adult,No
19364,Married,Male,"$40,000",1,Bachelors,Skilled Manual,Yes,0,0-1 Miles,Europe,43,Adult,Yes
19389,Single,Male,"$30,000",0,Partial College,Clerical,No,1,2-5 Miles,Europe,28,Young,No
19399,Single,Male,"$40,000",0,Bachelors,Professional,No,1,2-5 Miles,North America,45,Adult,No
19413,Single,Male,"$60,000",3,Bachelors,Professional,No,1,0-1 Miles,North America,47,Adult,Yes
19441,Married,Male,"$40,000",0,Graduate Degree,Clerical,Yes,0,0-1 Miles,Europe,25,Young,Yes
19442,Single,Male,"$50,000",0,Graduate Degree,Skilled Manual,Yes,0,0-1 Miles,Europe,37,Adult,Yes
19445,Married,Female,"$10,000",2,High School,Manual,No,1,0-1 Miles,Europe,38,Adult,No
19461,Single,Female,"$10,000",4,Partial High School,Manual,Yes,2,0-1 Miles,Europe,40,Adult,No
19475,Married,Female,"$40,000",0,Bachelors,Professional,No,0,0-1 Miles,Europe,40,Adult,Yes
19477,Married,Male,"$40,000",0,Bachelors,Professional,Yes,0,0-1 Miles,Europe,40,Adult,Yes
19482,Married,Male,"$30,000",1,Partial College,Clerical,Yes,1,0-1 Miles,Europe,44,Adult,Yes
19487,Married,Male,"$30,000",2,Partial College,Clerical,No,2,0-1 Miles,Europe,42,Adult,No
19491,Single,Male,"$30,000",2,Partial College,Clerical,Yes,2,0-1 Miles,Europe,42,Adult,No
19508,Married,Male,"$10,000",0,Partial High School,Manual,No,2,0-1 Miles,Europe,30,Young,No
19543,Married,Male,"$70,000",5,Graduate Degree,Professional,No,3,More than 10 miles,North America,47,Adult,No
19562,Single,Female,"$60,000",2,Bachelors,Professional,Yes,1,2-5 Miles,Pacific,37,Adult,Yes
19608,Married,Male,"$80,000",5,Bachelors,Professional,Yes,4,1-2 Miles,Pacific,40,Adult,No
19618,Married,Male,"$70,000",5,Partial College,Skilled Manual,Yes,2,0-1 Miles,Pacific,44,Adult,No
19626,Married,Male,"$70,000",5,Partial College,Skilled Manual,Yes,3,5-10 Miles,Pacific,45,Adult,No
19634,Married,Male,"$40,000",0,High School,Skilled Manual,Yes,1,5-10 Miles,North America,31,Young,No
19650,Married,Female,"$30,000",2,Partial College,Clerical,No,2,0-1 Miles,Pacific,67,Senior,No
19660,Married,Male,"$80,000",4,Bachelors,Management,Yes,0,0-1 Miles,North America,43,Adult,No
19661,Single,Male,"$90,000",4,Bachelors,Management,Yes,1,1-2 Miles,North America,38,Adult,Yes
19664,Single,Male,"$100,000",3,Bachelors,Management,No,3,1-2 Miles,North America,38,Adult,No
19675,Married,Male,"$20,000",4,High School,Skilled Manual,Yes,2,5-10 Miles,Pacific,60,Senior,No
19731,Married,Male,"$80,000",4,Graduate Degree,Management,Yes,2,5-10 Miles,North America,68,Senior,No
19741,Single,Female,"$80,000",4,Graduate Degree,Management,Yes,2,5-10 Miles,North America,65,Senior,No
19747,Married,Male,"$50,000",4,Bachelors,Management,Yes,2,More than 10 miles,North America,63,Senior,No
19748,Married,Male,"$20,000",4,High School,Skilled Manual,No,2,1-2 Miles,Pacific,60,Senior,No
19758,Single,Male,"$60,000",0,Partial College,Skilled Manual,No,2,1-2 Miles,North America,29,Young,No
19784,Married,Female,"$80,000",2,High School,Skilled Manual,Yes,2,5-10 Miles,Pacific,50,Adult,Yes
19812,Single,Female,"$70,000",2,Partial College,Professional,Yes,0,5-10 Miles,North America,49,Adult,Yes
19856,Married,Female,"$60,000",4,Bachelors,Management,Yes,2,2-5 Miles,North America,60,Senior,No
19884,Married,Male,"$60,000",2,High School,Professional,Yes,2,2-5 Miles,North America,55,Adult,Yes
19889,Single,Female,"$70,000",2,Partial High School,Skilled Manual,No,2,2-5 Miles,North America,54,Adult,Yes
19914,Married,Male,"$80,000",5,Bachelors,Management,Yes,2,2-5 Miles,Europe,62,Senior,No
20000,Married,Male,"$60,000",1,Graduate Degree,Professional,Yes,0,0-1 Miles,North America,35,Young,Yes
20053,Single,Male,"$40,000",2,Partial College,Clerical,Yes,0,0-1 Miles,Europe,34,Young,No
20060,Single,Female,"$30,000",0,High School,Manual,No,1,2-5 Miles,Europe,34,Young,Yes
20076,Single,Female,"$10,000",2,High School,Manual,Yes,2,1-2 Miles,North America,53,Adult,Yes
20084,Married,Male,"$20,000",2,High School,Manual,No,2,0-1 Miles,North America,53,Adult,No
20147,Married,Female,"$30,000",1,Bachelors,Clerical,Yes,0,0-1 Miles,Europe,65,Senior,No
20171,Married,Female,"$20,000",2,Partial College,Manual,Yes,1,0-1 Miles,Europe,46,Adult,Yes
20196,Married,Male,"$60,000",1,Partial College,Skilled Manual,Yes,1,2-5 Miles,North America,45,Adult,Yes
20228,Married,Male,"$100,000",0,Graduate Degree,Management,Yes,0,2-5 Miles,Pacific,40,Adult,Yes
20236,Single,Male,"$60,000",3,Bachelors,Professional,No,2,0-1 Miles,Pacific,43,Adult,Yes
20277,Married,Female,"$30,000",2,Partial College,Clerical,No,2,0-1 Miles,Pacific,69,Senior,No
20296,Single,Female,"$60,000",0,Partial College,Skilled Manual,No,1,1-2 Miles,North America,33,Young,Yes
20310,Single,Male,"$60,000",0,Partial College,Skilled Manual,Yes,1,5-10 Miles,North America,27,Young,Yes
20339,Married,Female,"$130,000",1,Bachelors,Management,Yes,4,2-5 Miles,North America,44,Adult,Yes
20343,Married,Female,"$90,000",4,Partial College,Professional,Yes,1,1-2 Miles,North America,45,Adult,No
20361,Married,Male,"$50,000",2,Graduate Degree,Management,Yes,2,5-10 Miles,North America,69,Senior,No
20370,Married,Male,"$70,000",3,Partial High School,Skilled Manual,Yes,2,5-10 Miles,North America,52,Adult,No
20376,Single,Female,"$70,000",3,Graduate Degree,Management,Yes,2,5-10 Miles,North America,52,Adult,Yes
20380,Married,Female,"$60,000",3,Graduate Degree,Management,Yes,2,More than 10 miles,North America,69,Senior,No
20401,Married,Female,"$50,000",4,Bachelors,Management,Yes,2,1-2 Miles,North America,64,Senior,Yes
20414,Married,Female,"$60,000",0,Partial College,Skilled Manual,Yes,2,5-10 Miles,North America,29,Young,No
20417,Married,Male,"$30,000",3,Partial College,Clerical,No,2,5-10 Miles,Pacific,56,Senior,No
20421,Single,Female,"$40,000",0,Partial High School,Clerical,Yes,2,5-10 Miles,North America,26,Young,No
20430,Married,Male,"$70,000",2,Partial College,Skilled Manual,Yes,2,5-10 Miles,Pacific,52,Adult,Yes
20504,Married,Female,"$40,000",5,High School,Professional,No,2,2-5 Miles,North America,60,Senior,No
20505,Married,Female,"$40,000",5,High School,Professional,No,2,More than 10 miles,North America,61,Senior,No
20514,Married,Female,"$70,000",2,Partial College,Professional,Yes,1,2-5 Miles,North America,59,Senior,No
20518,Married,Female,"$70,000",2,Partial College,Professional,Yes,1,More than 10 miles,North America,58,Senior,No
20528,Married,Male,"$40,000",2,Partial High School,Skilled Manual,Yes,2,2-5 Miles,North America,55,Adult,No
20535,Married,Female,"$70,000",4,Partial College,Professional,Yes,1,More than 10 miles,North America,56,Senior,No
20567,Married,Male,"$130,000",4,Partial College,Professional,No,4,5-10 Miles,Europe,61,Senior,Yes
20598,Married,Male,"$100,000",3,Partial High School,Professional,Yes,0,More than 10 miles,Europe,59,Senior,Yes
20606,Married,Female,"$70,000",0,Bachelors,Professional,Yes,4,More than 10 miles,Pacific,32,Young,Yes
20619,Single,Male,"$80,000",0,Bachelors,Professional,No,4,More than 10 miles,Pacific,35,Young,No
20625,Married,Male,"$100,000",0,High School,Management,Yes,3,More than 10 miles,Pacific,35,Young,Yes
20657,Single,Male,"$50,000",2,Bachelors,Skilled Manual,Yes,0,2-5 Miles,North America,37,Adult,Yes
20659,Married,Male,"$70,000",3,Graduate Degree,Professional,Yes,0,0-1 Miles,North America,35,Young,Yes
20678,Single,Female,"$60,000",3,Bachelors,Skilled Manual,Yes,1,2-5 Miles,North America,40,Adult,Yes
20698,Married,Male,"$60,000",4,Bachelors,Skilled Manual,Yes,3,5-10 Miles,North America,42,Adult,No
20711,Married,Female,"$40,000",1,Bachelors,Skilled Manual,Yes,0,1-2 Miles,Europe,32,Young,Yes
20729,Married,Female,"$40,000",2,Partial College,Clerical,No,1,0-1 Miles,Europe,34,Young,No
20754,Married,Male,"$30,000",2,High School,Skilled Manual,Yes,2,1-2 Miles,North America,51,Adult,No
20758,Married,Male,"$30,000",2,High School,Skilled Manual,Yes,2,1-2 Miles,North America,50,Adult,No
20797,Married,Female,"$10,000",1,Bachelors,Manual,Yes,0,0-1 Miles,Europe,48,Adult,No
20828,Married,Female,"$30,000",4,Graduate Degree,Clerical,Yes,0,0-1 Miles,Europe,45,Adult,Yes
20839,Single,Female,"$30,000",3,Graduate Degree,Clerical,Yes,0,0-1 Miles,Europe,47,Adult,Yes
20851,Single,Male,"$20,000",0,Partial College,Manual,No,1,2-5 Miles,Europe,36,Adult,Yes
20870,Single,Female,"$10,000",2,High School,Manual,Yes,1,0-1 Miles,Europe,38,Adult,Yes
20877,Single,Male,"$30,000",1,Bachelors,Clerical,Yes,0,1-2 Miles,Europe,37,Adult,Yes
20897,Married,Female,"$30,000",1,Bachelors,Skilled Manual,Yes,2,0-1 Miles,Europe,40,Adult,No
20919,Single,Female,"$30,000",2,Partial College,Clerical,Yes,2,0-1 Miles,Europe,42,Adult,No
20923,Married,Female,"$40,000",1,Bachelors,Skilled Manual,Yes,0,0-1 Miles,Europe,42,Adult,Yes
20927,Single,Female,"$20,000",5,High School,Manual,Yes,2,0-1 Miles,Europe,27,Young,No
20942,Single,Female,"$20,000",0,High School,Manual,No,1,5-10 Miles,Europe,31,Young,No
20946,Single,Female,"$30,000",0,Partial College,Clerical,No,1,2-5 Miles,Europe,30,Young,No
20962,Married,Female,"$20,000",1,Graduate Degree,Clerical,Yes,0,0-1 Miles,Europe,45,Adult,No
20970,Single,Male,"$10,000",2,Partial College,Manual,Yes,1,0-1 Miles,Europe,52,Adult,Yes
20974,Married,Male,"$10,000",2,Bachelors,Clerical,Yes,1,0-1 Miles,Europe,66,Senior,No
20977,Married,Male,"$20,000",1,Bachelors,Clerical,Yes,0,0-1 Miles,Europe,64,Senior,Yes
20994,Married,Female,"$20,000",0,Bachelors,Clerical,No,0,0-1 Miles,Pacific,26,Young,Yes
21006,Single,Female,"$30,000",1,Partial College,Manual,No,0,0-1 Miles,Europe,46,Adult,Yes
21039,Single,Female,"$50,000",0,Graduate Degree,Skilled Manual,No,0,0-1 Miles,Europe,37,Adult,Yes
21094,Single,Female,"$30,000",2,Partial College,Clerical,Yes,2,0-1 Miles,Europe,42,Adult,No
21108,Married,Female,"$40,000",1,Bachelors,Skilled Manual,Yes,1,0-1 Miles,Europe,43,Adult,Yes
21184,Single,Male,"$70,000",0,Bachelors,Professional,No,1,5-10 Miles,Pacific,38,Adult,No
21207,Married,Male,"$60,000",1,Partial College,Skilled Manual,Yes,1,5-10 Miles,Pacific,46,Adult,No
21213,Single,Male,"$70,000",0,Bachelors,Professional,No,1,5-10 Miles,Pacific,41,Adult,No
21260,Single,Female,"$40,000",0,High School,Skilled Manual,Yes,2,5-10 Miles,North America,30,Young,No
21266,Single,Female,"$80,000",0,Bachelors,Management,Yes,1,1-2 Miles,North America,34,Young,Yes
21306,Single,Male,"$60,000",2,High School,Professional,Yes,2,5-10 Miles,North America,51,Adult,No
21365,Married,Female,"$10,000",2,Partial High School,Clerical,Yes,2,5-10 Miles,Pacific,58,Senior,No
21375,Single,Male,"$20,000",2,Partial High School,Clerical,Yes,2,5-10 Miles,Pacific,57,Senior,No
21417,Single,Female,"$60,000",0,Partial College,Professional,No,2,1-2 Miles,North America,32,Young,Yes
21441,Married,Male,"$50,000",4,Bachelors,Management,Yes,2,More than 10 miles,North America,64,Senior,No
21451,Married,Female,"$40,000",4,High School,Professional,Yes,2,More than 10 miles,North America,61,Senior,No
21471,Married,Male,"$70,000",2,Partial College,Professional,Yes,1,More than 10 miles,North America,59,Senior,No
21554,Single,Female,"$80,000",0,Bachelors,Professional,No,3,More than 10 miles,Pacific,33,Young,No
21557,Single,Female,"$110,000",0,Partial College,Management,Yes,3,More than 10 miles,Pacific,32,Young,Yes
21560,Married,Male,"$120,000",0,Partial High School,Professional,Yes,4,More than 10 miles,Pacific,32,Young,Yes
21561,Single,Male,"$90,000",0,Bachelors,Professional,No,3,More than 10 miles,Pacific,34,Young,Yes
21564,Single,Female,"$80,000",0,Bachelors,Professional,Yes,4,More than 10 miles,Pacific,35,Young,No
21568,Married,Female,"$100,000",0,High School,Management,Yes,4,More than 10 miles,Pacific,34,Young,Yes
21583,Married,Female,"$50,000",1,Bachelors,Skilled Manual,Yes,0,0-1 Miles,North America,34,Young,Yes
21587,Married,Female,"$60,000",1,Graduate Degree,Skilled Manual,Yes,0,2-5 Miles,North America,34,Young,Yes
21599,Married,Female,"$60,000",1,Graduate Degree,Professional,Yes,0,2-5 Miles,North America,36,Adult,Yes
21613,Single,Male,"$50,000",2,Bachelors,Skilled Manual,No,1,0-1 Miles,North America,39,Adult,Yes
21660,Married,Female,"$60,000",3,Graduate Degree,Professional,Yes,0,2-5 Miles,North America,43,Adult,Yes
21693,Single,Female,"$60,000",0,Graduate Degree,Skilled Manual,No,0,0-1 Miles,North America,40,Adult,No
21695,Married,Male,"$60,000",0,Graduate Degree,Skilled Manual,Yes,0,1-2 Miles,North America,39,Adult,Yes
21713,Single,Male,"$80,000",5,Graduate Degree,Skilled Manual,No,0,0-1 Miles,North America,47,Adult,No
21714,Single,Female,"$80,000",5,Graduate Degree,Skilled Manual,No,0,0-1 Miles,North America,47,Adult,No
21717,Married,Male,"$40,000",2,Partial College,Clerical,Yes,1,0-1 Miles,North America,47,Adult,No
21738,Married,Male,"$20,000",1,Graduate Degree,Clerical,Yes,0,0-1 Miles,Europe,43,Adult,No
21741,Married,Female,"$70,000",3,Partial College,Professional,Yes,2,5-10 Miles,North America,50,Adult,Yes
21751,Married,Male,"$60,000",3,Graduate Degree,Management,Yes,2,1-2 Miles,North America,63,Senior,No
21752,Married,Male,"$60,000",3,Graduate Degree,Management,Yes,2,More than 10 miles,North America,64,Senior,No
21770,Married,Male,"$60,000",4,Bachelors,Management,Yes,2,More than 10 miles,North America,60,Senior,No
21801,Married,Female,"$70,000",4,Partial College,Professional,Yes,1,1-2 Miles,North America,55,Adult,No
21891,Married,Female,"$110,000",0,High School,Management,Yes,3,More than 10 miles,Pacific,34,Young,Yes
21940,Married,Male,"$90,000",5,Graduate Degree,Professional,Yes,0,0-1 Miles,North America,47,Adult,Yes
21974,Single,Female,"$70,000",0,Bachelors,Professional,Yes,1,5-10 Miles,Pacific,42,Adult,Yes
21980,Single,Female,"$60,000",1,Bachelors,Professional,Yes,1,5-10 Miles,Pacific,44,Adult,Yes
22005,Married,Female,"$70,000",5,Partial College,Skilled Manual,No,3,5-10 Miles,Pacific,46,Adult,No
22006,Married,Male,"$70,000",5,Partial College,Skilled Manual,Yes,3,5-10 Miles,Pacific,46,Adult,No
22010,Single,Male,"$40,000",0,High School,Skilled Manual,Yes,2,5-10 Miles,North America,31,Young,No
22014,Single,Male,"$30,000",0,High School,Skilled Manual,Yes,2,5-10 Miles,North America,26,Young,No
22042,Married,Female,"$70,000",0,Partial College,Skilled Manual,Yes,2,5-10 Miles,North America,34,Young,Yes
22046,Single,Female,"$80,000",0,Bachelors,Management,No,1,0-1 Miles,North America,38,Adult,Yes
22050,Single,Male,"$90,000",4,Bachelors,Management,Yes,1,1-2 Miles,North America,38,Adult,Yes
22088,Married,Female,"$130,000",1,Bachelors,Management,Yes,2,0-1 Miles,North America,45,Adult,Yes
22118,Single,Female,"$70,000",3,Graduate Degree,Management,Yes,2,5-10 Miles,North America,53,Adult,Yes
22127,Married,Male,"$60,000",3,Graduate Degree,Management,Yes,2,1-2 Miles,North America,67,Senior,No
22155,Married,Male,"$20,000",2,Partial High School,Clerical,Yes,2,5-10 Miles,Pacific,58,Senior,No
22170,Married,Female,"$30,000",3,Partial College,Clerical,No,2,1-2 Miles,Pacific,55,Adult,Yes
22173,Married,Female,"$30,000",3,High School,Skilled Manual,No,2,1-2 Miles,Pacific,54,Adult,Yes
22174,Married,Male,"$30,000",3,High School,Skilled Manual,Yes,2,5-10 Miles,Pacific,54,Adult,Yes
22175,Married,Female,"$30,000",3,High School,Skilled Manual,Yes,2,5-10 Miles,Pacific,53,Adult,Yes
22204,Married,Male,"$110,000",4,Bachelors,Management,Yes,3,2-5 Miles,Pacific,48,Adult,No
22211,Married,Male,"$60,000",0,Partial College,Professional,Yes,2,5-10 Miles,North America,32,Young,No
22219,Married,Female,"$60,000",2,High School,Professional,Yes,2,5-10 Miles,North America,49,Adult,No
22220,Married,Male,"$60,000",2,High School,Professional,No,2,1-2 Miles,North America,49,Adult,Yes
22221,Married,Male,"$60,000",2,High School,Professional,No,2,1-2 Miles,North America,48,Adult,Yes
22227,Married,Female,"$60,000",2,High School,Professional,Yes,2,5-10 Miles,North America,50,Adult,No
22252,Single,Female,"$60,000",1,Graduate Degree,Professional,Yes,0,2-5 Miles,North America,36,Adult,Yes
22294,Single,Female,"$70,000",0,Bachelors,Professional,No,1,2-5 Miles,North America,37,Adult,Yes
22296,Married,Male,"$70,000",0,Bachelors,Professional,No,1,0-1 Miles,North America,38,Adult,No
22330,Married,Male,"$50,000",0,Graduate Degree,Skilled Manual,Yes,0,1-2 Miles,North America,32,Young,Yes
22381,Married,Male,"$10,000",1,Graduate Degree,Manual,Yes,0,0-1 Miles,Europe,44,Adult,No
22399,Single,Male,"$10,000",0,Partial College,Manual,Yes,1,1-2 Miles,Pacific,26,Young,Yes
22400,Married,Male,"$10,000",0,Partial College,Manual,No,1,0-1 Miles,Pacific,26,Young,Yes
22402,Married,Male,"$10,000",0,Partial College,Manual,Yes,1,2-5 Miles,Pacific,25,Young,Yes
22439,Married,Female,"$30,000",0,Bachelors,Clerical,Yes,0,0-1 Miles,Europe,37,Adult,Yes
22464,Married,Male,"$40,000",0,Graduate Degree,Clerical,Yes,0,0-1 Miles,Europe,37,Adult,Yes
22496,Married,Female,"$30,000",1,Bachelors,Skilled Manual,Yes,2,0-1 Miles,Europe,42,Adult,No
22500,Single,Male,"$40,000",0,Bachelors,Professional,No,0,0-1 Miles,Europe,40,Adult,Yes
22518,Single,Female,"$30,000",3,Partial College,Clerical,No,2,0-1 Miles,Europe,27,Young,Yes
22527,Single,Female,"$20,000",0,High School,Manual,No,1,2-5 Miles,Europe,29,Young,No
22538,Single,Female,"$10,000",0,Partial High School,Manual,Yes,2,1-2 Miles,Europe,33,Young,No
22610,Married,Male,"$30,000",0,Bachelors,Clerical,Yes,0,0-1 Miles,Europe,35,Young,Yes
22633,Single,Female,"$40,000",0,Graduate Degree,Clerical,Yes,0,0-1 Miles,Europe,37,Adult,Yes
22634,Single,Female,"$40,000",0,Graduate Degree,Clerical,Yes,0,0-1 Miles,Europe,38,Adult,Yes
22636,Single,Female,"$40,000",0,Bachelors,Clerical,No,0,0-1 Miles,Europe,38,Adult,Yes
22672,Single,Female,"$30,000",2,Partial College,Clerical,Yes,0,0-1 Miles,Europe,43,Adult,No
22707,Single,Female,"$30,000",0,Partial College,Clerical,No,1,2-5 Miles,Europe,30,Young,No
22719,Single,Male,"$110,000",3,Bachelors,Management,Yes,4,2-5 Miles,North America,40,Adult,Yes
22730,Married,Male,"$70,000",5,Bachelors,Management,Yes,2,More than 10 miles,North America,63,Senior,No
22743,Married,Female,"$40,000",5,High School,Professional,Yes,2,More than 10 miles,North America,60,Senior,No
22821,Married,Female,"$130,000",3,Partial College,Professional,Yes,4,0-1 Miles,Europe,52,Adult,No
22830,Married,Male,"$120,000",4,Partial College,Management,Yes,3,More than 10 miles,Europe,56,Senior,No
22864,Married,Male,"$90,000",2,Partial College,Professional,No,0,5-10 Miles,North America,49,Adult,Yes
22918,Single,Male,"$80,000",5,Graduate Degree,Management,Yes,3,0-1 Miles,Pacific,50,Adult,No
22930,Married,Male,"$90,000",4,Bachelors,Professional,Yes,0,1-2 Miles,Pacific,38,Adult,Yes
22931,Married,Male,"$100,000",5,Graduate Degree,Management,No,1,1-2 Miles,Pacific,78,Senior,Yes
22936,Single,Female,"$60,000",1,Partial College,Skilled Manual,No,1,0-1 Miles,Pacific,45,Adult,Yes
22971,Single,Female,"$30,000",0,High School,Skilled Manual,No,2,0-1 Miles,North America,25,Young,Yes
22974,Married,Female,"$30,000",2,Partial College,Clerical,Yes,2,5-10 Miles,Pacific,69,Senior,No
22976,Single,Male,"$40,000",0,High School,Skilled Manual,No,2,0-1 Miles,North America,28,Young,Yes
22983,Single,Female,"$30,000",0,Partial High School,Clerical,Yes,2,5-10 Miles,North America,27,Young,No
22988,Married,Female,"$40,000",2,Bachelors,Management,Yes,2,5-10 Miles,Pacific,66,Senior,Yes
22994,Married,Female,"$80,000",0,Bachelors,Management,Yes,1,1-2 Miles,North America,34,Young,Yes
23027,Single,Male,"$130,000",1,Bachelors,Management,No,4,0-1 Miles,North America,44,Adult,No
23041,Single,Female,"$70,000",4,High School,Professional,Yes,0,5-10 Miles,North America,50,Adult,Yes
23089,Married,Male,"$40,000",0,Partial College,Skilled Manual,Yes,1,5-10 Miles,North America,28,Young,No
23105,Single,Male,"$40,000",3,Partial High School,Clerical,No,2,5-10 Miles,Pacific,52,Adult,Yes
23144,Married,Male,"$50,000",1,Bachelors,Skilled Manual,Yes,0,0-1 Miles,North America,34,Young,Yes
23158,Married,Female,"$60,000",1,Graduate Degree,Professional,No,0,0-1 Miles,North America,35,Young,Yes
23195,Single,Male,"$50,000",3,Bachelors,Skilled Manual,Yes,2,2-5 Miles,North America,41,Adult,Yes
23197,Married,Male,"$50,000",3,Bachelors,Skilled Manual,Yes,2,2-5 Miles,North America,40,Adult,No
23200,Married,Female,"$50,000",3,Bachelors,Skilled Manual,Yes,2,0-1 Miles,North America,41,Adult,No
23217,Single,Female,"$60,000",3,Graduate Degree,Professional,Yes,0,2-5 Miles,North America,43,Adult,Yes
23248,Married,Female,"$10,000",2,High School,Manual,Yes,2,1-2 Miles,North America,53,Adult,No
23256,Single,Male,"$30,000",1,High School,Clerical,No,1,5-10 Miles,North America,52,Adult,No
23275,Married,Male,"$30,000",2,High School,Skilled Manual,Yes,2,1-2 Miles,North America,49,Adult,No
23316,Single,Male,"$30,000",3,Partial College,Clerical,No,2,1-2 Miles,Pacific,59,Senior,Yes
23333,Married,Male,"$40,000",0,Partial College,Skilled Manual,No,2,1-2 Miles,North America,30,Young,No
23358,Married,Male,"$60,000",0,High School,Professional,Yes,2,5-10 Miles,North America,32,Young,Yes
23368,Married,Female,"$60,000",5,Bachelors,Skilled Manual,Yes,3,More than 10 miles,North America,41,Adult,No
23376,Married,Male,"$70,000",1,Bachelors,Professional,Yes,1,2-5 Miles,North America,44,Adult,Yes
23378,Married,Male,"$70,000",1,Partial College,Skilled Manual,Yes,1,2-5 Miles,North America,44,Adult,Yes
23419,Single,Female,"$70,000",5,Bachelors,Professional,Yes,3,More than 10 miles,Pacific,39,Adult,No
23426,Single,Male,"$80,000",5,Graduate Degree,Management,Yes,3,0-1 Miles,Pacific,40,Adult,No
23432,Single,Male,"$70,000",0,Bachelors,Professional,Yes,1,5-10 Miles,Pacific,37,Adult,Yes
23449,Married,Male,"$60,000",2,High School,Professional,Yes,2,5-10 Miles,North America,48,Adult,No
23455,Single,Male,"$80,000",2,Partial High School,Skilled Manual,No,2,1-2 Miles,North America,50,Adult,No
23459,Married,Male,"$60,000",2,High School,Professional,Yes,2,5-10 Miles,North America,50,Adult,No
23461,Married,Female,"$90,000",5,Partial College,Professional,Yes,3,2-5 Miles,North America,40,Adult,No
23479,Single,Male,"$90,000",0,Partial College,Professional,No,2,0-1 Miles,North America,43,Adult,Yes
23491,Single,Male,"$100,000",0,Partial College,Professional,No,4,1-2 Miles,North America,45,Adult,No
23513,Married,Female,"$40,000",3,Partial College,Professional,Yes,2,5-10 Miles,North America,54,Adult,No
23542,Single,Male,"$60,000",1,Partial College,Skilled Manual,No,1,0-1 Miles,Pacific,45,Adult,Yes
23549,Single,Male,"$30,000",0,High School,Skilled Manual,Yes,2,5-10 Miles,North America,30,Young,No
23571,Married,Female,"$40,000",2,Bachelors,Management,Yes,2,0-1 Miles,Pacific,66,Senior,Yes
23586,Married,Female,"$80,000",0,Bachelors,Management,Yes,1,1-2 Miles,North America,34,Young,Yes
23608,Married,Female,"$150,000",3,High School,Professional,Yes,3,0-1 Miles,Europe,51,Adult,Yes
23627,Single,Female,"$100,000",3,Partial College,Management,No,4,5-10 Miles,Europe,56,Senior,No
23668,Married,Female,"$40,000",4,High School,Professional,Yes,2,5-10 Miles,North America,59,Senior,Yes
23672,Married,Female,"$60,000",3,Graduate Degree,Management,Yes,2,1-2 Miles,North America,67,Senior,No
23704,Single,Male,"$40,000",5,High School,Professional,Yes,4,More than 10 miles,North America,60,Senior,Yes
23707,Single,Male,"$70,000",5,Bachelors,Management,Yes,3,More than 10 miles,North America,60,Senior,Yes
23712,Single,Female,"$70,000",2,Bachelors,Management,Yes,1,More than 10 miles,North America,59,Senior,No
23731,Married,Male,"$60,000",2,High School,Professional,Yes,2,2-5 Miles,North America,54,Adult,Yes
23780,Single,Male,"$40,000",2,Partial College,Clerical,No,2,0-1 Miles,Europe,36,Adult,Yes
23797,Single,Male,"$20,000",3,Partial High School,Clerical,No,2,0-1 Miles,North America,50,Adult,No
23801,Married,Female,"$20,000",2,Partial High School,Clerical,Yes,2,0-1 Miles,North America,49,Adult,No
23818,Married,Female,"$50,000",0,Graduate Degree,Skilled Manual,Yes,0,1-2 Miles,North America,33,Young,Yes
23882,Single,Female,"$80,000",3,Graduate Degree,Professional,Yes,0,0-1 Miles,North America,37,Adult,Yes
23893,Married,Male,"$50,000",3,Bachelors,Skilled Manual,Yes,3,More than 10 miles,North America,41,Adult,No
23908,Single,Male,"$30,000",1,Bachelors,Clerical,No,1,0-1 Miles,Europe,39,Adult,Yes
23915,Married,Male,"$20,000",2,High School,Manual,Yes,2,0-1 Miles,Europe,42,Adult,No
23940,Married,Male,"$40,000",1,Bachelors,Skilled Manual,Yes,1,0-1 Miles,Europe,44,Adult,Yes
23962,Married,Female,"$10,000",0,Partial High School,Manual,Yes,2,1-2 Miles,Europe,32,Young,No
23963,Married,Male,"$10,000",0,Partial High School,Manual,No,2,0-1 Miles,Europe,33,Young,No
23979,Single,Male,"$10,000",2,Partial College,Manual,No,0,0-1 Miles,Europe,50,Adult,No
23986,Married,Female,"$20,000",1,Bachelors,Clerical,Yes,0,0-1 Miles,Europe,66,Senior,Yes
23993,Single,Female,"$10,000",0,Partial College,Manual,No,1,0-1 Miles,Pacific,26,Young,Yes
24061,Married,Male,"$10,000",4,Partial High School,Manual,Yes,1,0-1 Miles,Europe,40,Adult,Yes
24065,Single,Female,"$20,000",0,High School,Manual,Yes,0,0-1 Miles,Europe,40,Adult,Yes
24093,Single,Female,"$80,000",0,Graduate Degree,Skilled Manual,No,0,0-1 Miles,Europe,40,Adult,Yes
24107,Married,Male,"$30,000",3,Partial College,Clerical,Yes,1,0-1 Miles,Europe,43,Adult,No
24119,Single,Male,"$30,000",0,Partial College,Clerical,No,1,2-5 Miles,Europe,29,Young,No
24121,Single,Female,"$30,000",0,Partial College,Clerical,No,1,0-1 Miles,Europe,29,Young,Yes
24140,Single,Male,"$10,000",0,Graduate Degree,Manual,No,0,0-1 Miles,Europe,30,Young,Yes
24149,Married,Male,"$10,000",2,Partial College,Manual,Yes,0,1-2 Miles,Europe,49,Adult,No
24151,Single,Male,"$20,000",1,Bachelors,Clerical,No,0,0-1 Miles,Europe,51,Adult,No
24174,Married,Male,"$20,000",0,Bachelors,Clerical,Yes,0,0-1 Miles,Pacific,27,Young,Yes
24185,Single,Female,"$10,000",1,High School,Manual,No,1,1-2 Miles,Europe,45,Adult,No
24187,Single,Female,"$30,000",3,Graduate Degree,Clerical,No,0,0-1 Miles,Europe,46,Adult,Yes
24201,Married,Female,"$10,000",2,High School,Manual,Yes,0,0-1 Miles,Europe,37,Adult,Yes
24273,Married,Female,"$20,000",2,Partial High School,Clerical,Yes,2,5-10 Miles,Pacific,55,Adult,Yes
24279,Single,Male,"$40,000",2,Partial College,Skilled Manual,No,2,1-2 Miles,Pacific,52,Adult,No
24305,Single,Male,"$100,000",1,Bachelors,Management,No,3,0-1 Miles,Pacific,46,Adult,Yes
24322,Married,Female,"$60,000",4,Bachelors,Skilled Manual,No,2,0-1 Miles,North America,42,Adult,No
24324,Single,Female,"$60,000",4,Bachelors,Skilled Manual,Yes,2,2-5 Miles,North America,41,Adult,Yes
24357,Married,Male,"$80,000",3,Bachelors,Professional,Yes,1,2-5 Miles,North America,48,Adult,Yes
24369,Married,Male,"$80,000",5,Graduate Degree,Management,No,2,0-1 Miles,Pacific,39,Adult,No
24381,Single,Male,"$70,000",0,Bachelors,Professional,Yes,1,5-10 Miles,Pacific,41,Adult,Yes
24397,Single,Male,"$120,000",2,Bachelors,Management,No,4,1-2 Miles,North America,40,Adult,No
24398,Married,Male,"$130,000",1,Graduate Degree,Management,Yes,4,0-1 Miles,North America,41,Adult,No
24416,Married,Male,"$90,000",4,High School,Professional,Yes,2,1-2 Miles,North America,45,Adult,No
24433,Married,Male,"$70,000",3,High School,Professional,No,1,1-2 Miles,North America,52,Adult,Yes
24466,Married,Female,"$60,000",1,Partial College,Skilled Manual,Yes,1,5-10 Miles,Pacific,46,Adult,Yes
24485,Single,Male,"$40,000",2,Bachelors,Management,No,1,5-10 Miles,Pacific,52,Adult,Yes
24496,Single,Female,"$40,000",0,High School,Skilled Manual,No,2,0-1 Miles,North America,28,Young,Yes
24514,Married,Male,"$40,000",0,Partial College,Skilled Manual,Yes,1,5-10 Miles,North America,30,Young,No
24584,Single,Male,"$60,000",0,Bachelors,Professional,No,3,2-5 Miles,Pacific,31,Young,No
24611,Single,Male,"$90,000",0,Bachelors,Professional,No,4,More than 10 miles,Pacific,35,Young,Yes
24637,Married,Male,"$40,000",4,High School,Professional,Yes,2,More than 10 miles,North America,64,Senior,No
24643,Single,Female,"$60,000",4,Bachelors,Management,Yes,2,More than 10 miles,North America,63,Senior,No
24725,Married,Female,"$40,000",3,Partial College,Clerical,Yes,0,1-2 Miles,North America,31,Young,No
24738,Married,Female,"$40,000",1,Partial College,Clerical,Yes,1,1-2 Miles,North America,51,Adult,Yes
24745,Single,Female,"$30,000",2,High School,Skilled Manual,No,2,0-1 Miles,North America,49,Adult,No
24801,Single,Male,"$60,000",1,Graduate Degree,Professional,Yes,0,2-5 Miles,North America,35,Young,Yes
24842,Single,Female,"$90,000",3,High School,Professional,No,1,2-5 Miles,Europe,51,Adult,No
24857,Married,Female,"$130,000",3,High School,Professional,Yes,4,0-1 Miles,Europe,52,Adult,No
24871,Single,Female,"$90,000",4,High School,Management,No,3,5-10 Miles,Europe,56,Senior,No
24898,Single,Female,"$80,000",0,Bachelors,Professional,Yes,3,More than 10 miles,Pacific,32,Young,No
24901,Single,Male,"$110,000",0,Partial College,Management,No,3,More than 10 miles,Pacific,32,Young,Yes
24941,Married,Male,"$60,000",3,Bachelors,Management,Yes,2,More than 10 miles,North America,66,Senior,No
24943,Married,Male,"$60,000",3,Bachelors,Management,Yes,2,More than 10 miles,North America,66,Senior,No
24955,Single,Male,"$30,000",5,Partial High School,Skilled Manual,Yes,3,More than 10 miles,North America,60,Senior,Yes
24958,Single,Female,"$40,000",5,High School,Professional,No,3,2-5 Miles,North America,60,Senior,Yes
24979,Married,Female,"$60,000",2,Partial College,Professional,Yes,2,2-5 Miles,North America,57,Senior,Yes
24981,Married,Male,"$60,000",2,Partial College,Professional,Yes,2,More than 10 miles,North America,56,Senior,No
25006,Single,Female,"$30,000",0,Partial College,Skilled Manual,Yes,1,5-10 Miles,North America,28,Young,No
25026,Married,Male,"$20,000",2,Partial High School,Clerical,Yes,3,5-10 Miles,Pacific,54,Adult,No
25041,Single,Male,"$40,000",0,High School,Skilled Manual,Yes,2,5-10 Miles,North America,31,Young,No
25058,Married,Male,"$100,000",1,Bachelors,Management,Yes,3,2-5 Miles,Pacific,47,Adult,No
25065,Married,Male,"$70,000",2,Partial High School,Skilled Manual,Yes,2,5-10 Miles,North America,48,Adult,No
25074,Married,Female,"$70,000",4,Bachelors,Professional,Yes,2,2-5 Miles,North America,42,Adult,Yes
25101,Married,Male,"$60,000",5,Bachelors,Professional,Yes,1,2-5 Miles,North America,47,Adult,No
25148,Married,Male,"$60,000",2,High School,Professional,No,2,1-2 Miles,North America,48,Adult,Yes
25184,Single,Male,"$110,000",1,Partial College,Professional,Yes,4,5-10 Miles,North America,45,Adult,Yes
25241,Married,Male,"$90,000",2,Bachelors,Professional,Yes,1,5-10 Miles,Pacific,47,Adult,No
25261,Married,Male,"$40,000",0,High School,Skilled Manual,Yes,2,5-10 Miles,North America,27,Young,No
25266,Single,Female,"$30,000",2,Partial College,Clerical,No,2,5-10 Miles,Pacific,67,Senior,No
25293,Married,Male,"$80,000",4,Bachelors,Management,Yes,0,1-2 Miles,North America,42,Adult,No
25303,Single,Male,"$30,000",0,High School,Manual,Yes,1,2-5 Miles,Europe,33,Young,Yes
25307,Married,Female,"$40,000",1,Bachelors,Skilled Manual,Yes,1,1-2 Miles,Europe,32,Young,Yes
25313,Single,Male,"$10,000",0,Partial High School,Manual,No,2,1-2 Miles,Europe,35,Young,No
25323,Married,Male,"$40,000",2,Partial College,Clerical,Yes,1,1-2 Miles,Europe,35,Young,Yes
25329,Single,Female,"$40,000",3,Partial College,Clerical,No,2,0-1 Miles,North America,32,Young,No
25343,Single,Female,"$20,000",3,Partial High School,Clerical,Yes,2,1-2 Miles,North America,50,Adult,No
25347,Single,Female,"$20,000",3,Partial High School,Clerical,No,2,0-1 Miles,North America,49,Adult,No
25375,Married,Male,"$50,000",1,Graduate Degree,Skilled Manual,Yes,0,1-2 Miles,North America,34,Young,No
25394,Married,Male,"$60,000",1,Graduate Degree,Professional,Yes,0,2-5 Miles,North America,34,Young,Yes
25405,Married,Male,"$70,000",2,Bachelors,Skilled Manual,Yes,1,2-5 Miles,North America,38,Adult,Yes
25419,Single,Male,"$50,000",2,Bachelors,Skilled Manual,No,1,0-1 Miles,North America,38,Adult,Yes
25458,Married,Male,"$20,000",1,High School,Manual,No,1,1-2 Miles,Europe,40,Adult,Yes
25460,Married,Female,"$20,000",2,High School,Manual,Yes,0,0-1 Miles,Europe,40,Adult,Yes
25502,Married,Female,"$40,000",1,Bachelors,Skilled Manual,Yes,0,0-1 Miles,Europe,43,Adult,Yes
25512,Single,Male,"$20,000",0,High School,Manual,No,1,2-5 Miles,Europe,30,Young,No
25529,Single,Male,"$10,000",1,Graduate Degree,Manual,Yes,0,0-1 Miles,Europe,44,Adult,No
25553,Married,Male,"$30,000",1,Bachelors,Clerical,Yes,0,0-1 Miles,Europe,65,Senior,Yes
25555,Married,Female,"$10,000",0,Partial College,Manual,No,1,0-1 Miles,Pacific,26,Young,Yes
25559,Single,Male,"$20,000",0,Bachelors,Clerical,Yes,0,0-1 Miles,Pacific,25,Young,Yes
25597,Single,Male,"$30,000",0,Bachelors,Clerical,No,0,0-1 Miles,Europe,36,Adult,Yes
25598,Married,Female,"$40,000",0,Graduate Degree,Clerical,Yes,0,0-1 Miles,Europe,36,Adult,Yes
25605,Single,Female,"$20,000",2,Partial College,Manual,No,1,0-1 Miles,Europe,54,Adult,Yes
25649,Single,Female,"$30,000",3,Partial College,Clerical,Yes,0,0-1 Miles,Europe,42,Adult,Yes
25651,Married,Male,"$40,000",1,Bachelors,Skilled Manual,No,0,0-1 Miles,Europe,43,Adult,Yes
25665,Single,Female,"$20,000",0,High School,Manual,No,1,1-2 Miles,Europe,28,Young,No
25681,Single,Female,"$30,000",0,Partial College,Clerical,No,1,2-5 Miles,Europe,31,Young,Yes
25693,Single,Female,"$30,000",5,Graduate Degree,Clerical,Yes,0,0-1 Miles,Europe,44,Adult,Yes
25752,Single,Female,"$20,000",2,Partial College,Manual,No,1,0-1 Miles,Europe,53,Adult,Yes
25792,Single,Female,"$110,000",3,Bachelors,Management,Yes,4,More than 10 miles,Europe,53,Adult,No
25872,Single,Female,"$70,000",2,Bachelors,Management,No,1,2-5 Miles,North America,58,Senior,Yes
25886,Married,Female,"$60,000",2,Partial College,Professional,Yes,2,2-5 Miles,North America,56,Senior,Yes
25898,Married,Female,"$70,000",2,High School,Professional,Yes,2,2-5 Miles,North America,53,Adult,No
25899,Married,Female,"$70,000",2,High School,Professional,Yes,2,More than 10 miles,North America,53,Adult,No
25906,Single,Female,"$10,000",5,High School,Skilled Manual,No,2,1-2 Miles,Pacific,62,Senior,No
25908,Married,Female,"$60,000",0,Partial College,Skilled Manual,No,1,1-2 Miles,North America,27,Young,No
25909,Married,Male,"$60,000",0,Partial College,Skilled Manual,Yes,1,5-10 Miles,North America,27,Young,Yes
25918,Single,Female,"$30,000",2,Partial College,Clerical,No,2,5-10 Miles,Pacific,60,Senior,Yes
25923,Single,Male,"$10,000",2,Partial High School,Clerical,Yes,2,5-10 Miles,Pacific,58,Senior,No
25940,Single,Male,"$20,000",2,Partial High School,Clerical,Yes,2,5-10 Miles,Pacific,55,Adult,Yes
25943,Single,Female,"$70,000",0,Partial College,Skilled Manual,No,2,0-1 Miles,North America,27,Young,Yes
25954,Married,Male,"$60,000",0,Partial College,Skilled Manual,No,2,1-2 Miles,North America,31,Young,No
25970,Single,Female,"$60,000",4,Bachelors,Skilled Manual,No,2,0-1 Miles,North America,41,Adult,Yes
25983,Married,Male,"$70,000",0,Bachelors,Professional,No,1,0-1 Miles,North America,43,Adult,No
26012,Married,Male,"$80,000",1,Partial College,Skilled Manual,Yes,1,2-5 Miles,North America,48,Adult,Yes
26032,Married,Female,"$70,000",5,Bachelors,Professional,Yes,4,More than 10 miles,Pacific,41,Adult,No
26065,Single,Female,"$110,000",3,Bachelors,Management,No,4,1-2 Miles,North America,42,Adult,No
26139,Single,Male,"$60,000",1,Partial College,Skilled Manual,Yes,1,5-10 Miles,Pacific,45,Adult,No
26150,Single,Female,"$70,000",0,Bachelors,Professional,No,1,0-1 Miles,Pacific,41,Adult,Yes
26154,Married,Male,"$60,000",1,Partial College,Skilled Manual,Yes,1,5-10 Miles,Pacific,43,Adult,Yes
26167,Single,Female,"$40,000",2,Bachelors,Management,No,1,5-10 Miles,Pacific,53,Adult,Yes
26219,Married,Female,"$40,000",1,Bachelors,Skilled Manual,Yes,1,1-2 Miles,Europe,33,Young,Yes
26236,Married,Female,"$40,000",3,Partial College,Clerical,Yes,1,0-1 Miles,North America,31,Young,No
26238,Single,Female,"$40,000",3,Partial College,Clerical,Yes,1,1-2 Miles,North America,31,Young,Yes
26248,Married,Male,"$20,000",3,Partial High School,Clerical,No,2,0-1 Miles,North America,52,Adult,No
26270,Single,Female,"$20,000",2,Partial High School,Clerical,Yes,2,1-2 Miles,North America,49,Adult,No
26298,Married,Female,"$50,000",1,Bachelors,Skilled Manual,Yes,0,2-5 Miles,North America,34,Young,Yes
26305,Single,Female,"$60,000",2,Bachelors,Skilled Manual,No,0,0-1 Miles,North America,36,Adult,Yes
26327,Married,Male,"$70,000",4,Graduate Degree,Professional,Yes,0,2-5 Miles,North America,36,Adult,Yes
26341,Married,Female,"$70,000",5,Graduate Degree,Professional,Yes,2,0-1 Miles,North America,37,Adult,No
26354,Single,Male,"$40,000",0,Graduate Degree,Clerical,No,0,0-1 Miles,Europe,38,Adult,Yes
26385,Single,Male,"$120,000",3,High School,Professional,No,4,5-10 Miles,Europe,50,Adult,No
26412,Married,Female,"$80,000",5,High School,Management,No,3,5-10 Miles,Europe,56,Senior,No
26415,Married,Female,"$90,000",4,Partial High School,Skilled Manual,Yes,4,More than 10 miles,Europe,58,Senior,No
26452,Single,Male,"$50,000",3,Graduate Degree,Management,Yes,2,More than 10 miles,North America,69,Senior,No
26490,Single,Male,"$70,000",2,Bachelors,Management,No,1,2-5 Miles,North America,59,Senior,Yes
26495,Single,Female,"$40,000",2,High School,Professional,Yes,2,More than 10 miles,North America,57,Senior,No
26547,Single,Female,"$30,000",2,Partial College,Clerical,No,2,5-10 Miles,Pacific,60,Senior,Yes
26575,Single,Female,"$40,000",0,High School,Skilled Manual,No,2,1-2 Miles,North America,31,Young,Yes
26576,Married,Female,"$60,000",0,Partial College,Skilled Manual,Yes,2,5-10 Miles,North America,31,Young,No
26582,Married,Male,"$60,000",0,Partial College,Skilled Manual,Yes,2,5-10 Miles,North America,33,Young,Yes
26597,Single,Female,"$60,000",4,Bachelors,Skilled Manual,No,2,0-1 Miles,North America,42,Adult,No
26625,Single,Female,"$60,000",0,Graduate Degree,Professional,Yes,1,2-5 Miles,North America,38,Adult,Yes
26651,Single,Male,"$80,000",4,Graduate Degree,Management,Yes,0,0-1 Miles,Pacific,36,Adult,Yes
26654,Married,Female,"$90,000",1,Graduate Degree,Management,Yes,0,0-1 Miles,Pacific,37,Adult,Yes
26663,Single,Female,"$60,000",2,Bachelors,Professional,No,1,0-1 Miles,Pacific,39,Adult,Yes
26678,Single,Female,"$80,000",2,Partial High School,Skilled Manual,Yes,2,5-10 Miles,North America,49,Adult,No
26693,Married,Male,"$70,000",3,Partial College,Professional,Yes,1,5-10 Miles,North America,49,Adult,No
26728,Single,Male,"$70,000",3,Graduate Degree,Management,No,2,1-2 Miles,North America,53,Adult,Yes
26757,Single,Male,"$90,000",1,Bachelors,Professional,Yes,1,2-5 Miles,Pacific,47,Adult,Yes
26765,Single,Female,"$70,000",5,Partial College,Skilled Manual,Yes,2,5-10 Miles,Pacific,45,Adult,No
26778,Single,Female,"$40,000",0,High School,Skilled Manual,Yes,2,5-10 Miles,North America,31,Young,No
26796,Single,Male,"$40,000",2,Bachelors,Management,Yes,2,5-10 Miles,Pacific,65,Senior,Yes
26818,Single,Male,"$10,000",3,High School,Manual,Yes,1,0-1 Miles,Europe,39,Adult,Yes
26829,Married,Female,"$40,000",0,Bachelors,Clerical,Yes,0,0-1 Miles,Europe,38,Adult,Yes
26849,Married,Male,"$10,000",3,Partial High School,Manual,Yes,2,0-1 Miles,Europe,43,Adult,No
26852,Married,Female,"$20,000",3,High School,Manual,Yes,2,0-1 Miles,Europe,43,Adult,No
26863,Single,Male,"$20,000",0,High School,Manual,No,1,2-5 Miles,Europe,28,Young,No
26879,Single,Female,"$20,000",0,High School,Manual,No,1,2-5 Miles,Europe,30,Young,No
26886,Single,Female,"$30,000",0,Partial College,Clerical,No,1,0-1 Miles,Europe,29,Young,Yes
26928,Single,Male,"$30,000",1,Bachelors,Clerical,Yes,0,0-1 Miles,Europe,62,Senior,Yes
26941,Married,Male,"$30,000",0,Bachelors,Clerical,Yes,0,0-1 Miles,Europe,47,Adult,Yes
26944,Single,Male,"$90,000",2,High School,Manual,Yes,0,0-1 Miles,Europe,36,Adult,Yes
26956,Single,Female,"$20,000",0,Partial College,Manual,No,1,2-5 Miles,Europe,36,Adult,Yes
26984,Married,Male,"$40,000",1,Bachelors,Skilled Manual,Yes,1,0-1 Miles,Europe,32,Young,Yes
27040,Married,Male,"$20,000",2,Partial High School,Clerical,Yes,2,1-2 Miles,North America,49,Adult,No
27074,Married,Female,"$70,000",1,Graduate Degree,Skilled Manual,Yes,0,0-1 Miles,North America,35,Young,Yes
27090,Married,Female,"$60,000",1,Graduate Degree,Professional,Yes,0,2-5 Miles,North America,37,Adult,Yes
27165,Single,Male,"$20,000",0,Partial High School,Manual,No,2,0-1 Miles,Europe,34,Young,No
27169,Single,Male,"$30,000",0,High School,Manual,Yes,1,2-5 Miles,Europe,34,Young,Yes
27183,Single,Male,"$40,000",2,Partial College,Clerical,Yes,1,1-2 Miles,Europe,35,Young,Yes
27184,Single,Male,"$40,000",2,Partial College,Clerical,No,1,0-1 Miles,Europe,34,Young,No
27190,Married,Female,"$40,000",3,Partial College,Clerical,Yes,1,1-2 Miles,North America,32,Young,No
27198,Single,Female,"$80,000",0,Graduate Degree,Skilled Manual,No,0,0-1 Miles,North America,40,Adult,No
27218,Married,Female,"$20,000",2,Partial High School,Clerical,No,0,0-1 Miles,North America,48,Adult,No
27261,Married,Male,"$40,000",1,Bachelors,Skilled Manual,No,1,0-1 Miles,North America,36,Adult,Yes
27273,Single,Male,"$70,000",3,Graduate Degree,Professional,No,0,0-1 Miles,North America,35,Young,Yes
27279,Single,Female,"$70,000",2,Bachelors,Skilled Manual,Yes,0,2-5 Miles,North America,38,Adult,Yes
27304,Single,Female,"$110,000",2,Partial College,Professional,No,3,5-10 Miles,Europe,48,Adult,No
27388,Married,Male,"$60,000",3,Bachelors,Management,No,2,1-2 Miles,North America,66,Senior,No
27393,Married,Female,"$50,000",4,Bachelors,Management,Yes,2,More than 10 miles,North America,63,Senior,No
27434,Single,Male,"$70,000",4,Partial College,Professional,Yes,1,More than 10 miles,North America,56,Senior,No
27441,Married,Male,"$60,000",3,High School,Professional,No,2,2-5 Miles,North America,53,Adult,No
27494,Single,Female,"$40,000",2,Partial College,Skilled Manual,No,2,1-2 Miles,Pacific,53,Adult,Yes
27505,Single,Female,"$40,000",0,High School,Skilled Manual,Yes,2,5-10 Miles,North America,30,Young,No
27540,Single,Female,"$70,000",0,Bachelors,Professional,No,1,0-1 Miles,North America,37,Adult,Yes
27582,Single,Female,"$90,000",2,Bachelors,Professional,No,0,0-1 Miles,Pacific,36,Adult,Yes
27585,Married,Female,"$90,000",2,Bachelors,Professional,No,0,0-1 Miles,Pacific,36,Adult,Yes
27637,Single,Female,"$100,000",1,Partial College,Professional,No,3,1-2 Miles,North America,44,Adult,No
27638,Single,Male,"$100,000",1,Partial College,Professional,No,3,1-2 Miles,North America,44,Adult,No
27643,Single,Male,"$70,000",5,Partial College,Professional,Yes,3,2-5 Miles,North America,44,Adult,No
27650,Married,Male,"$70,000",4,High School,Professional,Yes,0,5-10 Miles,North America,51,Adult,No
27660,Married,Male,"$80,000",4,Graduate Degree,Management,Yes,2,5-10 Miles,North America,70,Senior,No
27673,Single,Female,"$60,000",3,Graduate Degree,Management,Yes,2,5-10 Miles,North America,53,Adult,Yes
27696,Married,Male,"$60,000",1,Bachelors,Professional,Yes,1,5-10 Miles,Pacific,43,Adult,Yes
27731,Married,Male,"$40,000",0,High School,Skilled Manual,Yes,2,5-10 Miles,North America,27,Young,No
27740,Married,Female,"$40,000",0,High School,Skilled Manual,Yes,2,5-10 Miles,North America,27,Young,No
27745,Single,Male,"$40,000",2,Bachelors,Management,Yes,2,5-10 Miles,Pacific,63,Senior,Yes
27753,Married,Male,"$40,000",0,High School,Skilled Manual,No,2,1-2 Miles,North America,30,Young,No
27756,Single,Female,"$50,000",3,Bachelors,Skilled Manual,No,1,0-1 Miles,North America,40,Adult,No
27760,Single,Female,"$40,000",0,Graduate Degree,Clerical,No,0,0-1 Miles,Europe,37,Adult,Yes
27771,Single,Male,"$30,000",1,Bachelors,Clerical,Yes,1,1-2 Miles,Europe,39,Adult,Yes
27775,Single,Female,"$40,000",0,Bachelors,Clerical,No,0,0-1 Miles,Europe,38,Adult,Yes
27803,Single,Female,"$30,000",2,Partial College,Clerical,No,0,0-1 Miles,Europe,43,Adult,No
27814,Single,Female,"$30,000",3,Partial College,Clerical,No,1,0-1 Miles,Europe,26,Young,No
27824,Single,Female,"$30,000",3,Partial College,Clerical,Yes,2,0-1 Miles,Europe,28,Young,Yes
27832,Single,Female,"$30,000",0,Partial College,Clerical,No,1,2-5 Miles,Europe,30,Young,No
27835,Married,Male,"$20,000",0,Partial High School,Manual,Yes,2,0-1 Miles,Europe,32,Young,No
27878,Single,Male,"$20,000",0,Partial College,Manual,No,0,0-1 Miles,Pacific,28,Young,Yes
27941,Married,Female,"$80,000",4,Partial College,Professional,Yes,2,2-5 Miles,Europe,53,Adult,No
27951,Single,Male,"$80,000",4,Partial College,Professional,No,2,2-5 Miles,Europe,54,Adult,Yes
27969,Married,Male,"$80,000",0,Bachelors,Professional,Yes,2,More than 10 miles,Pacific,29,Young,Yes
27974,Single,Male,"$160,000",2,High School,Management,Yes,4,0-1 Miles,Pacific,33,Young,Yes
27994,Married,Female,"$40,000",4,High School,Professional,Yes,2,5-10 Miles,North America,69,Senior,No
28004,Married,Female,"$60,000",3,Bachelors,Management,Yes,2,More than 10 miles,North America,66,Senior,No
28026,Married,Female,"$40,000",2,High School,Professional,No,2,2-5 Miles,North America,59,Senior,No
28031,Single,Female,"$70,000",2,Bachelors,Management,No,1,2-5 Miles,North America,59,Senior,Yes
28043,Married,Female,"$60,000",2,Bachelors,Management,Yes,0,More than 10 miles,North America,56,Senior,No
28052,Married,Male,"$60,000",2,High School,Professional,Yes,2,More than 10 miles,North America,55,Adult,No
28056,Married,Male,"$70,000",2,Partial High School,Skilled Manual,Yes,2,More than 10 miles,North America,53,Adult,No
28066,Married,Male,"$80,000",2,Graduate Degree,Professional,Yes,0,0-1 Miles,North America,37,Adult,Yes
28068,Single,Female,"$80,000",3,Graduate Degree,Professional,No,0,0-1 Miles,North America,36,Adult,Yes
28087,Single,Female,"$40,000",0,Partial College,Skilled Manual,No,1,1-2 Miles,North America,27,Young,No
28090,Married,Male,"$40,000",0,Partial College,Skilled Manual,Yes,1,5-10 Miles,North America,27,Young,No
28102,Married,Male,"$20,000",4,High School,Skilled Manual,Yes,2,5-10 Miles,Pacific,58,Senior,Yes
28192,Married,Female,"$70,000",5,Graduate Degree,Professional,Yes,3,More than 10 miles,North America,46,Adult,No
28207,Married,Male,"$80,000",4,Graduate Degree,Management,Yes,1,0-1 Miles,Pacific,36,Adult,Yes
28228,Single,Female,"$80,000",2,Partial High School,Skilled Manual,No,2,1-2 Miles,North America,50,Adult,No
28269,Single,Female,"$130,000",1,Bachelors,Management,No,1,2-5 Miles,North America,45,Adult,No
28278,Married,Male,"$50,000",2,Graduate Degree,Management,Yes,2,5-10 Miles,North America,71,Senior,No
28319,Single,Female,"$60,000",1,Partial College,Skilled Manual,No,1,0-1 Miles,Pacific,46,Adult,Yes
28323,Single,Male,"$70,000",0,Bachelors,Professional,No,2,5-10 Miles,Pacific,43,Adult,Yes
28379,Married,Male,"$30,000",1,Bachelors,Skilled Manual,Yes,2,0-1 Miles,Europe,40,Adult,No
28380,Single,Female,"$10,000",5,Partial High School,Manual,No,2,0-1 Miles,Europe,41,Adult,No
28395,Single,Male,"$40,000",0,Bachelors,Professional,No,0,0-1 Miles,Europe,39,Adult,Yes
28412,Single,Male,"$20,000",0,High School,Manual,No,1,2-5 Miles,Europe,29,Young,No
28436,Single,Male,"$30,000",0,Partial College,Clerical,No,1,0-1 Miles,Europe,30,Young,Yes
28468,Married,Female,"$10,000",2,Partial College,Manual,Yes,0,1-2 Miles,Europe,51,Adult,No
28488,Single,Male,"$20,000",0,Partial College,Manual,Yes,0,0-1 Miles,Pacific,28,Young,Yes
28521,Single,Male,"$40,000",0,Graduate Degree,Clerical,No,0,0-1 Miles,Europe,36,Adult,Yes
28564,Single,Female,"$40,000",2,Partial College,Clerical,Yes,0,1-2 Miles,Europe,33,Young,Yes
28580,Married,Female,"$80,000",0,Graduate Degree,Skilled Manual,Yes,0,1-2 Miles,North America,40,Adult,Yes
28609,Married,Male,"$30,000",2,High School,Skilled Manual,No,2,0-1 Miles,North America,49,Adult,No
28625,Single,Male,"$40,000",2,Partial College,Clerical,No,1,1-2 Miles,North America,47,Adult,Yes
28657,Single,Male,"$60,000",2,Bachelors,Skilled Manual,Yes,0,2-5 Miles,North America,36,Adult,Yes
28667,Single,Male,"$70,000",2,Bachelors,Skilled Manual,No,1,0-1 Miles,North America,37,Adult,Yes
28672,Single,Male,"$70,000",4,Graduate Degree,Professional,Yes,0,2-5 Miles,North America,35,Young,Yes
28683,Single,Female,"$10,000",1,High School,Manual,No,1,5-10 Miles,Europe,35,Young,Yes
28729,Single,Female,"$20,000",0,Partial High School,Manual,Yes,2,1-2 Miles,Europe,26,Young,Yes
28758,Married,Male,"$40,000",2,Partial College,Clerical,Yes,1,1-2 Miles,Europe,35,Young,Yes
28799,Single,Female,"$40,000",2,Partial College,Clerical,No,1,1-2 Miles,North America,47,Adult,Yes
28815,Married,Female,"$50,000",1,Graduate Degree,Skilled Manual,Yes,0,0-1 Miles,North America,35,Young,No
28858,Single,Male,"$80,000",3,Bachelors,Skilled Manual,Yes,0,2-5 Miles,North America,40,Adult,No
28906,Married,Male,"$80,000",4,High School,Professional,Yes,2,More than 10 miles,Europe,54,Adult,No
28915,Single,Male,"$80,000",5,High School,Management,Yes,3,More than 10 miles,Europe,57,Senior,No
28918,Married,Female,"$130,000",4,High School,Management,No,4,More than 10 miles,Europe,58,Senior,No
28957,Single,Female,"$120,000",0,Partial High School,Professional,Yes,4,More than 10 miles,Pacific,34,Young,Yes
28972,Single,Female,"$60,000",3,Graduate Degree,Management,Yes,2,More than 10 miles,North America,66,Senior,No
28997,Single,Male,"$40,000",2,High School,Professional,No,1,2-5 Miles,North America,58,Senior,Yes
29030,Married,Male,"$70,000",2,Partial High School,Skilled Manual,Yes,2,More than 10 miles,North America,54,Adult,No
29037,Married,Male,"$60,000",0,Graduate Degree,Professional,No,0,0-1 Miles,North America,39,Adult,No
29048,Single,Male,"$110,000",2,Bachelors,Management,No,3,0-1 Miles,North America,37,Adult,Yes
29052,Single,Male,"$40,000",0,Partial College,Skilled Manual,Yes,1,5-10 Miles,North America,27,Young,No
29094,Married,Male,"$30,000",3,High School,Skilled Manual,Yes,2,5-10 Miles,Pacific,54,Adult,Yes
29097,Single,Female,"$40,000",2,Partial College,Skilled Manual,Yes,2,5-10 Miles,Pacific,52,Adult,Yes
29106,Single,Male,"$40,000",0,High School,Skilled Manual,No,2,1-2 Miles,North America,31,Young,Yes
29112,Single,Male,"$60,000",0,Partial College,Professional,No,2,1-2 Miles,North America,30,Young,No
29117,Single,Male,"$100,000",1,Bachelors,Management,No,3,0-1 Miles,Pacific,48,Adult,No
29120,Single,Female,"$100,000",1,Bachelors,Management,Yes,4,2-5 Miles,Pacific,48,Adult,No
29132,Single,Female,"$40,000",0,Bachelors,Professional,Yes,1,2-5 Miles,North America,42,Adult,Yes
29133,Single,Female,"$60,000",4,Bachelors,Skilled Manual,No,2,0-1 Miles,North America,42,Adult,No
29134,Married,Male,"$60,000",4,Bachelors,Skilled Manual,No,3,More than 10 miles,North America,42,Adult,No
29143,Single,Female,"$60,000",1,Bachelors,Professional,No,1,0-1 Miles,North America,44,Adult,Yes
29181,Single,Female,"$60,000",2,Bachelors,Professional,No,1,0-1 Miles,Pacific,38,Adult,Yes
29191,Single,Female,"$130,000",1,Graduate Degree,Management,No,1,0-1 Miles,Pacific,36,Adult,Yes
29231,Single,Male,"$80,000",4,Partial College,Professional,No,2,0-1 Miles,North America,43,Adult,No
29237,Single,Female,"$120,000",4,Partial College,Professional,Yes,3,5-10 Miles,North America,43,Adult,Yes
29243,Single,Male,"$110,000",1,Bachelors,Management,Yes,1,5-10 Miles,North America,43,Adult,No
29255,Single,Male,"$80,000",3,Partial College,Professional,No,1,1-2 Miles,North America,51,Adult,Yes
29298,Single,Female,"$60,000",1,Partial College,Skilled Manual,Yes,1,5-10 Miles,Pacific,46,Adult,Yes
29301,Married,Male,"$80,000",5,Bachelors,Professional,Yes,4,1-2 Miles,Pacific,40,Adult,No
29337,Single,Male,"$30,000",2,Partial College,Clerical,Yes,2,5-10 Miles,Pacific,68,Senior,No
29355,Married,Female,"$40,000",0,Graduate Degree,Clerical,Yes,0,0-1 Miles,Europe,37,Adult,Yes
29380,Married,Female,"$20,000",3,High School,Manual,Yes,0,0-1 Miles,Europe,41,Adult,Yes
29424,Married,Male,"$10,000",0,Partial High School,Manual,Yes,2,0-1 Miles,Europe,32,Young,No
29447,Single,Female,"$10,000",2,Bachelors,Clerical,No,1,2-5 Miles,Europe,68,Senior,No
